{
  "d": {
    "results": [
      {
        "__metadata": {
          "id": "Web/Lists(guid'52e0bd90-4637-4613-a401-40226257917c')/Items(5)",
          "uri": "http://santdev.bt.com/_api/Web/Lists(guid'52e0bd90-4637-4613-a401-40226257917c')/Items(5)",
          "etag": "\"6\"",
          "type": "SP.Data.SANTAnnouncementListItem"
        },
        "FirstUniqueAncestorSecurableObject": {
          "__deferred": {
            "uri": "http://santdev.bt.com/_api/Web/Lists(guid'52e0bd90-4637-4613-a401-40226257917c')/Items(5)/FirstUniqueAncestorSecurableObject"
          }
        },
        "RoleAssignments": {
          "__deferred": {
            "uri": "http://santdev.bt.com/_api/Web/Lists(guid'52e0bd90-4637-4613-a401-40226257917c')/Items(5)/RoleAssignments"
          }
        },
        "AttachmentFiles": {
          "__deferred": {
            "uri": "http://santdev.bt.com/_api/Web/Lists(guid'52e0bd90-4637-4613-a401-40226257917c')/Items(5)/AttachmentFiles"
          }
        },
        "ContentType": {
          "__deferred": {
            "uri": "http://santdev.bt.com/_api/Web/Lists(guid'52e0bd90-4637-4613-a401-40226257917c')/Items(5)/ContentType"
          }
        },
        "FieldValuesAsHtml": {
          "__deferred": {
            "uri": "http://santdev.bt.com/_api/Web/Lists(guid'52e0bd90-4637-4613-a401-40226257917c')/Items(5)/FieldValuesAsHtml"
          }
        },
        "FieldValuesAsText": {
          "__deferred": {
            "uri": "http://santdev.bt.com/_api/Web/Lists(guid'52e0bd90-4637-4613-a401-40226257917c')/Items(5)/FieldValuesAsText"
          }
        },
        "FieldValuesForEdit": {
          "__deferred": {
            "uri": "http://santdev.bt.com/_api/Web/Lists(guid'52e0bd90-4637-4613-a401-40226257917c')/Items(5)/FieldValuesForEdit"
          }
        },
        "File": {
          "__deferred": {
            "uri": "http://santdev.bt.com/_api/Web/Lists(guid'52e0bd90-4637-4613-a401-40226257917c')/Items(5)/File"
          }
        },
        "Folder": {
          "__deferred": {
            "uri": "http://santdev.bt.com/_api/Web/Lists(guid'52e0bd90-4637-4613-a401-40226257917c')/Items(5)/Folder"
          }
        },
        "ParentList": {
          "__deferred": {
            "uri": "http://santdev.bt.com/_api/Web/Lists(guid'52e0bd90-4637-4613-a401-40226257917c')/Items(5)/ParentList"
          }
        },
        "FileSystemObjectType": 0,
        "Id": 5,
        "ContentTypeId": "0x0100DF2FE0BE7CB9944FAFD36413457946B5",
        "Title": "Welcome to Document Wizard",
        "Type": "Information",
        "Start_x0020_Date": "2016-02-25T00:00:00Z",
        "End_x0020_Date": "2017-02-26T00:00:00Z",
        "Message": "<div>Welcome to the new Document Wizard, a tool specifically designed by TSO to allow users to build contracts, proposals and to refer to all related data.<br>The tool allows users to create Documents without the need for manual intervention and allows it's users to contact other contract or proposal users.<br>The tool also has a significant search engine designed to reference all relevant data.<br>We hope you enjoy use of the tool, feel free to contact us with any suggestions using the &quot;Contact Us&quot; tab at the top of the page.<br><br>TSO Team</div>",
        "Importance": "Normal",
        "News_x0020_Short_x0020_Descripti": "<div class=\"ExternalClass4F66514F130A4D5B87F9BBEA1473D4BA\"><p>Welcome to the new Document Wizard.</p></div>",
        "NewsOrder": 1,
        "Status": "Enabled",
        "ID": 5,
        "Modified": "2016-02-25T11:56:41Z",
        "Created": "2016-02-22T13:48:58Z",
        "AuthorId": 11,
        "EditorId": 1,
        "OData__UIVersionString": "1.0",
        "Attachments": false,
        "GUID": "7f039c4f-6dfa-4ef9-bde3-86e2d6005f88"
      },
      {
        "__metadata": {
          "id": "Web/Lists(guid'52e0bd90-4637-4613-a401-40226257917c')/Items(6)",
          "uri": "http://santdev.bt.com/_api/Web/Lists(guid'52e0bd90-4637-4613-a401-40226257917c')/Items(6)",
          "etag": "\"2\"",
          "type": "SP.Data.SANTAnnouncementListItem"
        },
        "FirstUniqueAncestorSecurableObject": {
          "__deferred": {
            "uri": "http://santdev.bt.com/_api/Web/Lists(guid'52e0bd90-4637-4613-a401-40226257917c')/Items(6)/FirstUniqueAncestorSecurableObject"
          }
        },
        "RoleAssignments": {
          "__deferred": {
            "uri": "http://santdev.bt.com/_api/Web/Lists(guid'52e0bd90-4637-4613-a401-40226257917c')/Items(6)/RoleAssignments"
          }
        },
        "AttachmentFiles": {
          "__deferred": {
            "uri": "http://santdev.bt.com/_api/Web/Lists(guid'52e0bd90-4637-4613-a401-40226257917c')/Items(6)/AttachmentFiles"
          }
        },
        "ContentType": {
          "__deferred": {
            "uri": "http://santdev.bt.com/_api/Web/Lists(guid'52e0bd90-4637-4613-a401-40226257917c')/Items(6)/ContentType"
          }
        },
        "FieldValuesAsHtml": {
          "__deferred": {
            "uri": "http://santdev.bt.com/_api/Web/Lists(guid'52e0bd90-4637-4613-a401-40226257917c')/Items(6)/FieldValuesAsHtml"
          }
        },
        "FieldValuesAsText": {
          "__deferred": {
            "uri": "http://santdev.bt.com/_api/Web/Lists(guid'52e0bd90-4637-4613-a401-40226257917c')/Items(6)/FieldValuesAsText"
          }
        },
        "FieldValuesForEdit": {
          "__deferred": {
            "uri": "http://santdev.bt.com/_api/Web/Lists(guid'52e0bd90-4637-4613-a401-40226257917c')/Items(6)/FieldValuesForEdit"
          }
        },
        "File": {
          "__deferred": {
            "uri": "http://santdev.bt.com/_api/Web/Lists(guid'52e0bd90-4637-4613-a401-40226257917c')/Items(6)/File"
          }
        },
        "Folder": {
          "__deferred": {
            "uri": "http://santdev.bt.com/_api/Web/Lists(guid'52e0bd90-4637-4613-a401-40226257917c')/Items(6)/Folder"
          }
        },
        "ParentList": {
          "__deferred": {
            "uri": "http://santdev.bt.com/_api/Web/Lists(guid'52e0bd90-4637-4613-a401-40226257917c')/Items(6)/ParentList"
          }
        },
        "FileSystemObjectType": 0,
        "Id": 6,
        "ContentTypeId": "0x0100DF2FE0BE7CB9944FAFD36413457946B5",
        "Title": "What do you want to do?",
        "Type": "Information",
        "Start_x0020_Date": "2016-02-25T00:00:00Z",
        "End_x0020_Date": "2017-02-25T00:00:00Z",
        "Message": "<div>Use the &quot; What Do You Want To Do&quot; <u><strong>Pane</strong></u> on the home page&#160;to create new contracts, proposals or other document types.<br>Search for content and Manage RFP requirements.<br>The Navigation has been designed similar to BT Today to make the tool simple to follow and recognisable.<br><br>TSO Team</div>",
        "Importance": "Normal",
        "News_x0020_Short_x0020_Descripti": "<div class=\"ExternalClass571E9372571442929E0B8BB7D3081004\"><p>​What do you want to do?</p></div>",
        "NewsOrder": null,
        "Status": "Enabled",
        "ID": 6,
        "Modified": "2016-03-01T15:24:22Z",
        "Created": "2016-02-25T11:41:03Z",
        "AuthorId": 1,
        "EditorId": 1,
        "OData__UIVersionString": "1.0",
        "Attachments": false,
        "GUID": "d326b0e0-460a-4950-badf-9b6a2cb4dcdd"
      },
      {
        "__metadata": {
          "id": "Web/Lists(guid'52e0bd90-4637-4613-a401-40226257917c')/Items(7)",
          "uri": "http://santdev.bt.com/_api/Web/Lists(guid'52e0bd90-4637-4613-a401-40226257917c')/Items(7)",
          "etag": "\"5\"",
          "type": "SP.Data.SANTAnnouncementListItem"
        },
        "FirstUniqueAncestorSecurableObject": {
          "__deferred": {
            "uri": "http://santdev.bt.com/_api/Web/Lists(guid'52e0bd90-4637-4613-a401-40226257917c')/Items(7)/FirstUniqueAncestorSecurableObject"
          }
        },
        "RoleAssignments": {
          "__deferred": {
            "uri": "http://santdev.bt.com/_api/Web/Lists(guid'52e0bd90-4637-4613-a401-40226257917c')/Items(7)/RoleAssignments"
          }
        },
        "AttachmentFiles": {
          "__deferred": {
            "uri": "http://santdev.bt.com/_api/Web/Lists(guid'52e0bd90-4637-4613-a401-40226257917c')/Items(7)/AttachmentFiles"
          }
        },
        "ContentType": {
          "__deferred": {
            "uri": "http://santdev.bt.com/_api/Web/Lists(guid'52e0bd90-4637-4613-a401-40226257917c')/Items(7)/ContentType"
          }
        },
        "FieldValuesAsHtml": {
          "__deferred": {
            "uri": "http://santdev.bt.com/_api/Web/Lists(guid'52e0bd90-4637-4613-a401-40226257917c')/Items(7)/FieldValuesAsHtml"
          }
        },
        "FieldValuesAsText": {
          "__deferred": {
            "uri": "http://santdev.bt.com/_api/Web/Lists(guid'52e0bd90-4637-4613-a401-40226257917c')/Items(7)/FieldValuesAsText"
          }
        },
        "FieldValuesForEdit": {
          "__deferred": {
            "uri": "http://santdev.bt.com/_api/Web/Lists(guid'52e0bd90-4637-4613-a401-40226257917c')/Items(7)/FieldValuesForEdit"
          }
        },
        "File": {
          "__deferred": {
            "uri": "http://santdev.bt.com/_api/Web/Lists(guid'52e0bd90-4637-4613-a401-40226257917c')/Items(7)/File"
          }
        },
        "Folder": {
          "__deferred": {
            "uri": "http://santdev.bt.com/_api/Web/Lists(guid'52e0bd90-4637-4613-a401-40226257917c')/Items(7)/Folder"
          }
        },
        "ParentList": {
          "__deferred": {
            "uri": "http://santdev.bt.com/_api/Web/Lists(guid'52e0bd90-4637-4613-a401-40226257917c')/Items(7)/ParentList"
          }
        },
        "FileSystemObjectType": 0,
        "Id": 7,
        "ContentTypeId": "0x0100DF2FE0BE7CB9944FAFD36413457946B5",
        "Title": "Document Wizard Support",
        "Type": "Information",
        "Start_x0020_Date": "2016-02-25T00:00:00Z",
        "End_x0020_Date": "2016-03-30T23:00:00Z",
        "Message": "<div>Please contact the helpdesk for all Document Wizard issues in the first instance or refer to BT Fix it.</div><div>2nd Line ASG is SPTASG02<br>3rd Line ASG is UKEUTSP</div>",
        "Importance": "Normal",
        "News_x0020_Short_x0020_Descripti": "<div class=\"ExternalClass0244EB393D754F07A19FE536A6A5985C\"><p>Support</p></div>",
        "NewsOrder": null,
        "Status": "Enabled",
        "ID": 7,
        "Modified": "2016-04-19T07:02:28Z",
        "Created": "2016-02-25T11:51:56Z",
        "AuthorId": 1,
        "EditorId": 20,
        "OData__UIVersionString": "1.0",
        "Attachments": false,
        "GUID": "a1dc3216-88a8-4ab9-9702-9810743fc924"
      },
      {
        "__metadata": {
          "id": "Web/Lists(guid'52e0bd90-4637-4613-a401-40226257917c')/Items(8)",
          "uri": "http://santdev.bt.com/_api/Web/Lists(guid'52e0bd90-4637-4613-a401-40226257917c')/Items(8)",
          "etag": "\"2\"",
          "type": "SP.Data.SANTAnnouncementListItem"
        },
        "FirstUniqueAncestorSecurableObject": {
          "__deferred": {
            "uri": "http://santdev.bt.com/_api/Web/Lists(guid'52e0bd90-4637-4613-a401-40226257917c')/Items(8)/FirstUniqueAncestorSecurableObject"
          }
        },
        "RoleAssignments": {
          "__deferred": {
            "uri": "http://santdev.bt.com/_api/Web/Lists(guid'52e0bd90-4637-4613-a401-40226257917c')/Items(8)/RoleAssignments"
          }
        },
        "AttachmentFiles": {
          "__deferred": {
            "uri": "http://santdev.bt.com/_api/Web/Lists(guid'52e0bd90-4637-4613-a401-40226257917c')/Items(8)/AttachmentFiles"
          }
        },
        "ContentType": {
          "__deferred": {
            "uri": "http://santdev.bt.com/_api/Web/Lists(guid'52e0bd90-4637-4613-a401-40226257917c')/Items(8)/ContentType"
          }
        },
        "FieldValuesAsHtml": {
          "__deferred": {
            "uri": "http://santdev.bt.com/_api/Web/Lists(guid'52e0bd90-4637-4613-a401-40226257917c')/Items(8)/FieldValuesAsHtml"
          }
        },
        "FieldValuesAsText": {
          "__deferred": {
            "uri": "http://santdev.bt.com/_api/Web/Lists(guid'52e0bd90-4637-4613-a401-40226257917c')/Items(8)/FieldValuesAsText"
          }
        },
        "FieldValuesForEdit": {
          "__deferred": {
            "uri": "http://santdev.bt.com/_api/Web/Lists(guid'52e0bd90-4637-4613-a401-40226257917c')/Items(8)/FieldValuesForEdit"
          }
        },
        "File": {
          "__deferred": {
            "uri": "http://santdev.bt.com/_api/Web/Lists(guid'52e0bd90-4637-4613-a401-40226257917c')/Items(8)/File"
          }
        },
        "Folder": {
          "__deferred": {
            "uri": "http://santdev.bt.com/_api/Web/Lists(guid'52e0bd90-4637-4613-a401-40226257917c')/Items(8)/Folder"
          }
        },
        "ParentList": {
          "__deferred": {
            "uri": "http://santdev.bt.com/_api/Web/Lists(guid'52e0bd90-4637-4613-a401-40226257917c')/Items(8)/ParentList"
          }
        },
        "FileSystemObjectType": 0,
        "Id": 8,
        "ContentTypeId": "0x0100DF2FE0BE7CB9944FAFD36413457946B5",
        "Title": "BT Fix it Sharepoint help",
        "Type": "Information",
        "Start_x0020_Date": "2016-02-25T00:00:00Z",
        "End_x0020_Date": "2018-02-25T00:00:00Z",
        "Message": "<div><a href=\"https&#58;//fixit.bt.com/SitePages/searchresults.aspx?k=Sharepoint\">https&#58;//fixit.bt.com/SitePages/searchresults.aspx?k=Sharepoint</a></div>",
        "Importance": "Low",
        "News_x0020_Short_x0020_Descripti": null,
        "NewsOrder": null,
        "Status": "Enabled",
        "ID": 8,
        "Modified": "2016-03-31T14:34:09Z",
        "Created": "2016-02-25T11:53:47Z",
        "AuthorId": 1,
        "EditorId": 1,
        "OData__UIVersionString": "1.0",
        "Attachments": false,
        "GUID": "96437c8a-d9e5-44ec-b1e8-92ff0e009e64"
      },
      {
        "__metadata": {
          "id": "Web/Lists(guid'52e0bd90-4637-4613-a401-40226257917c')/Items(9)",
          "uri": "http://santdev.bt.com/_api/Web/Lists(guid'52e0bd90-4637-4613-a401-40226257917c')/Items(9)",
          "etag": "\"1\"",
          "type": "SP.Data.SANTAnnouncementListItem"
        },
        "FirstUniqueAncestorSecurableObject": {
          "__deferred": {
            "uri": "http://santdev.bt.com/_api/Web/Lists(guid'52e0bd90-4637-4613-a401-40226257917c')/Items(9)/FirstUniqueAncestorSecurableObject"
          }
        },
        "RoleAssignments": {
          "__deferred": {
            "uri": "http://santdev.bt.com/_api/Web/Lists(guid'52e0bd90-4637-4613-a401-40226257917c')/Items(9)/RoleAssignments"
          }
        },
        "AttachmentFiles": {
          "__deferred": {
            "uri": "http://santdev.bt.com/_api/Web/Lists(guid'52e0bd90-4637-4613-a401-40226257917c')/Items(9)/AttachmentFiles"
          }
        },
        "ContentType": {
          "__deferred": {
            "uri": "http://santdev.bt.com/_api/Web/Lists(guid'52e0bd90-4637-4613-a401-40226257917c')/Items(9)/ContentType"
          }
        },
        "FieldValuesAsHtml": {
          "__deferred": {
            "uri": "http://santdev.bt.com/_api/Web/Lists(guid'52e0bd90-4637-4613-a401-40226257917c')/Items(9)/FieldValuesAsHtml"
          }
        },
        "FieldValuesAsText": {
          "__deferred": {
            "uri": "http://santdev.bt.com/_api/Web/Lists(guid'52e0bd90-4637-4613-a401-40226257917c')/Items(9)/FieldValuesAsText"
          }
        },
        "FieldValuesForEdit": {
          "__deferred": {
            "uri": "http://santdev.bt.com/_api/Web/Lists(guid'52e0bd90-4637-4613-a401-40226257917c')/Items(9)/FieldValuesForEdit"
          }
        },
        "File": {
          "__deferred": {
            "uri": "http://santdev.bt.com/_api/Web/Lists(guid'52e0bd90-4637-4613-a401-40226257917c')/Items(9)/File"
          }
        },
        "Folder": {
          "__deferred": {
            "uri": "http://santdev.bt.com/_api/Web/Lists(guid'52e0bd90-4637-4613-a401-40226257917c')/Items(9)/Folder"
          }
        },
        "ParentList": {
          "__deferred": {
            "uri": "http://santdev.bt.com/_api/Web/Lists(guid'52e0bd90-4637-4613-a401-40226257917c')/Items(9)/ParentList"
          }
        },
        "FileSystemObjectType": 0,
        "Id": 9,
        "ContentTypeId": "0x0100DF2FE0BE7CB9944FAFD36413457946B5",
        "Title": "Want a Sharepoint Application?",
        "Type": "Information",
        "Start_x0020_Date": "2016-02-25T00:00:00Z",
        "End_x0020_Date": "2016-02-25T00:00:00Z",
        "Message": "<div>If you have a tool that could benefit from being developed on to SharePoint 2013, please contact John Domingo on 02078095703 or <a href=\"mailto&#58;john.domingo@bt.com\">john.domingo@bt.com</a> </div>",
        "Importance": "Normal",
        "News_x0020_Short_x0020_Descripti": null,
        "NewsOrder": null,
        "Status": "Enabled",
        "ID": 9,
        "Modified": "2016-02-25T11:55:55Z",
        "Created": "2016-02-25T11:55:55Z",
        "AuthorId": 1,
        "EditorId": 1,
        "OData__UIVersionString": "1.0",
        "Attachments": false,
        "GUID": "9e200cd2-ad2d-4716-8c39-ff0d922c0935"
      }
    ]
  }
}