{
  "d": {
    "GetContextWebInformation": {
      "__metadata": {
        "type": "SP.ContextWebInformation"
      },
      "FormDigestTimeoutSeconds": 1800,
      "FormDigestValue": "0xD18A6533A49B8695DDE4B50D30638428363BDB7F0F2EB274FFEDDEF2CE5FF97B21B78214ADDD425C235C191263A47F1881FCECBB32B06707747BE778A6879084,30 Aug 2016 12:00:33 -0000",
      "LibraryVersion": "15.0.4701.1000",
      "SiteFullUrl": "http://santdev.bt.com",
      "SupportedSchemaVersions": {
        "__metadata": {
          "type": "Collection(Edm.String)"
        },
        "results": [
          "14.0.0.0",
          "15.0.0.0"
        ]
      },
      "WebFullUrl": "http://santdev.bt.com"
    }
  }
}