[
  {
    "DataItemGUID": "7f8032d0-0bfe-482e-ad8e-89c01a22854b",
    "DataType": "Label",
    "Label": "Customer details",
    "DocumentFieldRef": "None",
    "DefaultValue": "",
    "Required": "False",
    "ListOfValues": ""
  },
  {
    "DataItemGUID": "4bbb82d4-a48d-4265-8520-82693ac94688",
    "DataType": "Text",
    "Label": "Legal name",
    "DocumentFieldRef": "client",
    "DefaultValue": "",
    "Required": "True",
    "ListOfValues": ""
  },
  {
    "DataItemGUID": "f1a941fd-11ea-4c4b-9705-cf6180e9a40c",
    "DataType": "Text",
    "Label": "Short name",
    "DocumentFieldRef": "clientShort",
    "DefaultValue": "",
    "Required": "True",
    "ListOfValues": ""
  },
  {
    "DataItemGUID": "6f9186a6-0dc0-4bd6-b6f5-0246ce76830a",
    "DataType": "Text",
    "Label": "Address 1",
    "DocumentFieldRef": "clientAddress1",
    "DefaultValue": "",
    "Required": "False",
    "ListOfValues": ""
  },
  {
    "DataItemGUID": "40bf6126-90c3-453f-8e82-9c5b6c9c1823",
    "DataType": "Text",
    "Label": "Address 2",
    "DocumentFieldRef": "clientAddress2",
    "DefaultValue": "",
    "Required": "False",
    "ListOfValues": ""
  },
  {
    "DataItemGUID": "5137a3b0-6407-4537-95a5-37384802426e",
    "DataType": "Text",
    "Label": "City",
    "DocumentFieldRef": "clientCity",
    "DefaultValue": "",
    "Required": "False",
    "ListOfValues": ""
  },
  {
    "DataItemGUID": "1e34fb10-b4ba-44b0-bf39-6b5aed612745",
    "DataType": "Text",
    "Label": "State",
    "DocumentFieldRef": "clientState",
    "DefaultValue": "",
    "Required": "False",
    "ListOfValues": ""
  },
  {
    "DataItemGUID": "5498ba0d-6649-40af-8a7b-be07a6a600aa",
    "DataType": "Text",
    "Label": "Postcode",
    "DocumentFieldRef": "clientZip",
    "DefaultValue": "",
    "Required": "False",
    "ListOfValues": ""
  },
  {
    "DataItemGUID": "99bd44b3-94b6-47a3-8d3a-e73d579bc535",
    "DataType": "Text",
    "Label": "Country",
    "DocumentFieldRef": "clientCountry",
    "DefaultValue": "",
    "Required": "False",
    "ListOfValues": ""
  },
  {
    "DataItemGUID": "61c600e9-9b25-47c2-90ef-24ad8bfd4ebe",
    "DataType": "Label",
    "Label": "Customer Contact Details",
    "DocumentFieldRef": "Business Outcomes List",
    "DefaultValue": "",
    "Required": "False",
    "ListOfValues": ""
  },
  {
    "DataItemGUID": "d447d91b-561f-4071-a597-24ec8680cc33",
    "DataType": "DropDown",
    "Label": "Title",
    "DocumentFieldRef": "clientTitle",
    "DefaultValue": "",
    "Required": "False",
    "ListOfValues": "Mr.\nMrs.\nMs\nDr."
  },
  {
    "DataItemGUID": "87e67a95-35ae-4d3b-ac41-aee392f18b40",
    "DataType": "Text",
    "Label": "First name",
    "DocumentFieldRef": "clientContactFirst",
    "DefaultValue": "",
    "Required": "True",
    "ListOfValues": ""
  },
  {
    "DataItemGUID": "3b450c1c-5aaf-4b54-a36c-be54ebecc95c",
    "DataType": "Text",
    "Label": "Last name",
    "DocumentFieldRef": "clientContactLast",
    "DefaultValue": "",
    "Required": "True",
    "ListOfValues": ""
  },
  {
    "DataItemGUID": "a35d40cb-62f9-46df-93d9-8b8843d115a5",
    "DataType": "Text",
    "Label": "Business title",
    "DocumentFieldRef": "clientContactTitle",
    "DefaultValue": "",
    "Required": "False",
    "ListOfValues": ""
  },
  {
    "DataItemGUID": "ec4a7bae-c89c-45fa-9b7e-7ecfe30757ae",
    "DataType": "Text",
    "Label": "Telephone Number",
    "DocumentFieldRef": "clientPhone",
    "DefaultValue": "",
    "Required": "False",
    "ListOfValues": ""
  },
  {
    "DataItemGUID": "640ec3e8-b079-43b3-9a31-c44aff5feadf",
    "DataType": "Text",
    "Label": "Email",
    "DocumentFieldRef": "clientEmail",
    "DefaultValue": "",
    "Required": "False",
    "ListOfValues": ""
  }
]