[
  {
    "DataItemGUID": "b0364fbe-c7f6-4b74-a1c2-e1778cf9b081",
    "DataType": "Multi Lines of Text",
    "Label": "Type a title name manually",
    "DocumentFieldRef": "BTGSTitle1",
    "DefaultValue": "",
    "Required": "False",
    "ListOfValues": ""
  },
  {
    "DataItemGUID": "2491abc4-15af-4606-aa6b-a69c82a77151",
    "DataType": "Label",
    "Label": "OR",
    "DocumentFieldRef": "BTGSTitle1",
    "DefaultValue": "",
    "Required": "False",
    "ListOfValues": ""
  },
  {
    "DataItemGUID": "0be926d9-0ce0-44d2-9c71-f185572f3663",
    "DataType": "Label",
    "Label": "Choose from pre-defined Title options",
    "DocumentFieldRef": "None",
    "DefaultValue": "",
    "Required": "False",
    "ListOfValues": ""
  },
  {
    "DataItemGUID": "ac781843-e1b0-43c3-99d3-1a8d006b77d9",
    "DataType": "Label",
    "Label": "Option 1",
    "DocumentFieldRef": "BTGSTitle1",
    "DefaultValue": "",
    "Required": "False",
    "ListOfValues": ""
  },
  {
    "DataItemGUID": "f5c1882c-5f00-4b75-baa7-bd21e1c38073",
    "DataType": "DropDown",
    "Label": "BT Advise",
    "DocumentFieldRef": "BTGSTitle1",
    "DefaultValue": "",
    "Required": "False",
    "ListOfValues": "\nGiving you a secure tailored network\nBuilding resilience into your organisation’s operations\nGiving you industry focused professional services to improve your IT set-up\nShowing you how to maximise the productivity of your mobile assets\nShowing you how to communicate with your customers more efficiently\nWorking with you to improve customer service and get more from your organisation\n"
  },
  {
    "DataItemGUID": "b9afe0f9-4ad8-4672-b5a7-80530d2a82a7",
    "DataType": "Label",
    "Label": "Option 2",
    "DocumentFieldRef": "BTGSTitle1",
    "DefaultValue": "",
    "Required": "False",
    "ListOfValues": ""
  },
  {
    "DataItemGUID": "acfdaedb-d088-4afc-a9d9-5c0347739ed0",
    "DataType": "DropDown",
    "Label": "BT Assure",
    "DocumentFieldRef": "BTGSTitle1",
    "DefaultValue": "",
    "Required": "False",
    "ListOfValues": "\nHelping you understand the threats to your network and secure your organisation\nEnabling you to assess your security needs and put the best practice in place\nEnabling you to monitor your network security in real-time\nHelping protect you and your customers from fraud and identity theft\nHelping you keep your network and business operational\nHelping you to control operating costs and stay competitive"
  },
  {
    "DataItemGUID": "81e78e96-e973-4e28-9c30-49303f474eea",
    "DataType": "Label",
    "Label": "Option 3",
    "DocumentFieldRef": "BTGSTitle1",
    "DefaultValue": "",
    "Required": "False",
    "ListOfValues": ""
  },
  {
    "DataItemGUID": "6773b3f8-f4b2-4972-857c-e59c33e44186",
    "DataType": "DropDown",
    "Label": "BT Compute",
    "DocumentFieldRef": "BTGSTitle1",
    "DefaultValue": "",
    "Required": "False",
    "ListOfValues": "\nHelping your organisation succeed with adaptable networked IT services\nGiving you global IT solutions delivered locally\nHelping you migrate to cloud services and keep your business flexible\nImproving your operational efficiency to save money and improve service\nShowing you how cloud services can deliver real benefits to your organisation\nSupporting your business with innovative industry solutions"
  },
  {
    "DataItemGUID": "b879b16b-9bf0-4376-a1bf-a46f451052ce",
    "DataType": "Label",
    "Label": "Option 4",
    "DocumentFieldRef": "BTGSTitle1",
    "DefaultValue": "",
    "Required": "False",
    "ListOfValues": ""
  },
  {
    "DataItemGUID": "da7ef39c-1bd8-4d89-ae17-eb01d0f37671",
    "DataType": "DropDown",
    "Label": "BT Connect",
    "DocumentFieldRef": "BTGSTitle1",
    "DefaultValue": "",
    "Required": "False",
    "ListOfValues": "\nGiving you intelligent network solutions and keeping your organisation connected\nAssess the IQ of your network in line with the aims of your organisation\nDriving value into your organisation with a fully optimised network\nEnabling you to have full visibility of your network and applications\nGiving you a secure tailored network\nHelping you expand into new growing markets\nHelping you future proof your network investment"
  },
  {
    "DataItemGUID": "718cb155-46ec-4351-9b30-ce997ddcb34c",
    "DataType": "Label",
    "Label": "Option 5",
    "DocumentFieldRef": "BTGSTitle1",
    "DefaultValue": "",
    "Required": "False",
    "ListOfValues": ""
  },
  {
    "DataItemGUID": "f95c3c47-ab1d-44b2-9278-47391ecb13f1",
    "DataType": "DropDown",
    "Label": "BT Contact",
    "DocumentFieldRef": "BTGSTitle1",
    "DefaultValue": "",
    "Required": "False",
    "ListOfValues": "\nImproving your customer relationships and making you more efficient\nBoosting first-contact resolution rate and improving your reputation\nEnabling your agents to operate anywhere and boost contact centre output\nGiving your customers the service they want, when they want\nHelping you cut costs and scale contact centres to match demand\nHelping you manage global customers and avoid expansion risks\n\n\n\n\n"
  },
  {
    "DataItemGUID": "c47cde40-cd8b-430f-917d-20a83606da03",
    "DataType": "Label",
    "Label": "Option 6",
    "DocumentFieldRef": "BTGSTitle1",
    "DefaultValue": "",
    "Required": "False",
    "ListOfValues": ""
  },
  {
    "DataItemGUID": "ae1dfdc9-46ea-477e-ac56-7c6e152f8d39",
    "DataType": "DropDown",
    "Label": "BT One",
    "DocumentFieldRef": "BTGSTitle1",
    "DefaultValue": "",
    "Required": "False",
    "ListOfValues": "\nHelping you unify your communications so you can operate more efficiently\nEnabling you to collaborate with globally distributed customers, suppliers and employees\nHelping you communicate better and cheaper through the cloud\nHelping you converge your voice and data services without causing disruption\nSaving you money by reducing the cost of international calls\nSimplifying your communications to save you money\n\n\n\n"
  }
]