[
  {
    "Id": "808ba2a6-2f73-4c7c-9699-7b6157e31edc",
    "Name": "BT Agile Contract"
  },
  {
    "Id": "fadc306f-500c-4dca-ba81-c2bed6a77215",
    "Name": "BT Business Direct Agile Contract"
  },
  {
    "Id": "3c733682-fa80-4c07-bbec-3605193ce5fa",
    "Name": "BTFS Agile Contract"
  },
  {
    "Id": "70e7ad3d-74a2-4362-9c4a-2246b84d7d9b",
    "Name": "BT Sport Agile Contract"
  },
  {
    "Id": "cb9d2553-099d-48aa-b86a-64e825e73fed",
    "Name": "RoI Agile Contract"
  },
  {
    "Id": "56044079-4c46-4785-9619-4d290359b2cf",
    "Name": "plusnet Agile Contract"
  },
  {
    "Id": "ef90b454-4fdb-4137-b1f1-0a837edb1ee2",
    "Name": "Dabs Agile Contract"
  }
]