[
  {
    "DataItemGUID": "3b76b6ec-87b6-4e3b-95bd-3634507a988a",
    "DataType": "Text",
    "Label": "Enter your organisation's legal name",
    "DocumentFieldRef": "PMclient",
    "DefaultValue": "British Telecommunications plc",
    "Required": "True",
    "ListOfValues": ""
  },
  {
    "DataItemGUID": "bdc9574f-4146-4379-9359-ac0b57c1da17",
    "DataType": "Text",
    "Label": "Enter your organisation's short name",
    "DocumentFieldRef": "PMclientShort",
    "DefaultValue": "BT",
    "Required": "True",
    "ListOfValues": ""
  },
  {
    "DataItemGUID": "07100d2d-a938-4754-bcd2-e42de98ec0f6",
    "DataType": "Spacer",
    "Label": "Spacer",
    "DocumentFieldRef": "None",
    "DefaultValue": "",
    "Required": "False",
    "ListOfValues": ""
  },
  {
    "DataItemGUID": "c3f34c0e-baf8-498d-afb3-8160ede833c6",
    "DataType": "Label",
    "Label": "Your contact information",
    "DocumentFieldRef": "None",
    "DefaultValue": "",
    "Required": "False",
    "ListOfValues": ""
  },
  {
    "DataItemGUID": "8c5811e6-cd68-4d57-9020-b9559d5c6ac1",
    "DataType": "DropDown",
    "Label": "Title",
    "DocumentFieldRef": "PMclientTitle",
    "DefaultValue": "",
    "Required": "True",
    "ListOfValues": "Mr\nMrs\nMs\nMiss\nSir"
  },
  {
    "DataItemGUID": "8b9f4c0e-e85c-4220-9948-34e7dbf883a1",
    "DataType": "Text",
    "Label": "First Name",
    "DocumentFieldRef": "PMclientFirst",
    "DefaultValue": "",
    "Required": "True",
    "ListOfValues": ""
  },
  {
    "DataItemGUID": "b7d6f381-afd9-41d2-a6db-ae43ad0c308e",
    "DataType": "Text",
    "Label": "Last name",
    "DocumentFieldRef": "PMclientLast",
    "DefaultValue": "",
    "Required": "True",
    "ListOfValues": ""
  },
  {
    "DataItemGUID": "f2e6958e-5c80-475b-bd40-96ae131f8742",
    "DataType": "Text",
    "Label": "Business title",
    "DocumentFieldRef": "PMclientContactTitle",
    "DefaultValue": "",
    "Required": "False",
    "ListOfValues": ""
  },
  {
    "DataItemGUID": "5276b45f-51b5-4aa3-82bf-fc0ed33acc17",
    "DataType": "Text",
    "Label": "Address 1",
    "DocumentFieldRef": "PMClientAddress1",
    "DefaultValue": "",
    "Required": "False",
    "ListOfValues": ""
  },
  {
    "DataItemGUID": "c694b391-4669-4239-ae75-ba9d496153bc",
    "DataType": "Text",
    "Label": "Address 2",
    "DocumentFieldRef": "PMClientAddress2",
    "DefaultValue": "",
    "Required": "False",
    "ListOfValues": ""
  },
  {
    "DataItemGUID": "f64708eb-ee2f-4790-bbbd-dde519671f34",
    "DataType": "Text",
    "Label": "City",
    "DocumentFieldRef": "PMclientCity",
    "DefaultValue": "",
    "Required": "False",
    "ListOfValues": ""
  },
  {
    "DataItemGUID": "96b4e0a6-2567-4097-920d-8db9e1fa7309",
    "DataType": "Text",
    "Label": "State",
    "DocumentFieldRef": "PMclientState",
    "DefaultValue": "",
    "Required": "False",
    "ListOfValues": ""
  },
  {
    "DataItemGUID": "4aafb7ab-a8b7-4cf4-9381-ac4952ff8c08",
    "DataType": "Text",
    "Label": "Postcode",
    "DocumentFieldRef": "PMclientZip",
    "DefaultValue": "",
    "Required": "False",
    "ListOfValues": ""
  },
  {
    "DataItemGUID": "f5225396-f9ad-40d3-a298-ca10c3d62eb8",
    "DataType": "Text",
    "Label": "Country",
    "DocumentFieldRef": "PMclientCountry",
    "DefaultValue": "",
    "Required": "False",
    "ListOfValues": ""
  },
  {
    "DataItemGUID": "f9e77f9d-e4d9-47d4-8951-8949b09abe13",
    "DataType": "Text",
    "Label": "Phone",
    "DocumentFieldRef": "PMclientPhone",
    "DefaultValue": "",
    "Required": "False",
    "ListOfValues": ""
  },
  {
    "DataItemGUID": "e0dcfae3-cf46-44bc-a004-e8221273d5f5",
    "DataType": "Text",
    "Label": "Email",
    "DocumentFieldRef": "PMclientEmail",
    "DefaultValue": "",
    "Required": "False",
    "ListOfValues": ""
  }
]