[
  {
    "ID": "457",
    "FileLeafRef": "Test Multiline 2.docx",
    "DataItemGUID": "c3b7d19b-a733-4076-86fc-ffe0cd0d0b57",
    "AssignedTo": "",
    "AssignedToId": "",
    "DocumentTypeCategory": "Proposal",
    "DocumentType": "2 Column Test",
    "DocumentTemplateGUID": "d48ba836-ee55-48eb-b891-e5fa625af3c3",
    "TemplateVersion": "23",
    "DocumentSubType": "90036eef-083a-450d-8539-a8c8314bd199",
    "Created": "25/10/2016 10:35:24",
    "Modified": "11/11/2016 14:22:16",
    "Author": "Md Yaden,MFB,Fauzi,TAQ3 R",
    "Editor": "System Account",
    "AuthorId": "18",
    "EditorId": "1073741823",
    "UserId": "607569566",
    "URL": "http://santdev.bt.com/SANTDocuments/607569566/Test Multiline 2.docx",
    "Last_x0020_Build_x0020_Date": "05/11/2016 17:45:27"
  },
  {
    "ID": "456",
    "FileLeafRef": "test multi line 1.docx",
    "DataItemGUID": "2574e0dd-ce2b-4db3-9d1d-95a063a3a8f6",
    "AssignedTo": "",
    "AssignedToId": "",
    "DocumentTypeCategory": "Proposal",
    "DocumentType": "2 Column Test",
    "DocumentTemplateGUID": "d48ba836-ee55-48eb-b891-e5fa625af3c3",
    "TemplateVersion": "23",
    "DocumentSubType": "90036eef-083a-450d-8539-a8c8314bd199",
    "Created": "25/10/2016 09:53:54",
    "Modified": "08/11/2016 13:32:39",
    "Author": "Md Yaden,MFB,Fauzi,TAQ3 R",
    "Editor": "Md Yaden,MFB,Fauzi,TAQ3 R",
    "AuthorId": "18",
    "EditorId": "18",
    "UserId": "607569566",
    "URL": "http://santdev.bt.com/SANTDocuments/607569566/test multi line 1.docx",
    "Last_x0020_Build_x0020_Date": "25/10/2016 15:06:04"
  },
  {
    "ID": "419",
    "FileLeafRef": "Fauzi_2016-08-23-1.docx",
    "DataItemGUID": "dfabe04d-6cb6-492d-a074-39a9238bccc2",
    "AssignedTo": "",
    "AssignedToId": "",
    "DocumentTypeCategory": "Proposal",
    "DocumentType": "GS Proposal and Document Builder",
    "DocumentTemplateGUID": "1fc3acf2-69d9-4d85-b506-2dcb4499b3d8",
    "TemplateVersion": "7347",
    "DocumentSubType": "",
    "Created": "23/08/2016 08:00:35",
    "Modified": "06/09/2016 07:20:24",
    "Author": "Md Yaden,MFB,Fauzi,TAQ3 R",
    "Editor": "System Account",
    "AuthorId": "18",
    "EditorId": "1073741823",
    "UserId": "607569566",
    "URL": "http://santdev.bt.com/SANTDocuments/607569566/Fauzi_2016-08-23-1.docx",
    "Last_x0020_Build_x0020_Date": "23/08/2016 09:38:14"
  },
  {
    "ID": "402",
    "FileLeafRef": "Fauzi_2016-08-18-2.pdf",
    "DataItemGUID": "ea6dff90-6334-4271-afde-ba03a3156918",
    "AssignedTo": "",
    "AssignedToId": "",
    "DocumentTypeCategory": "Proposal",
    "DocumentType": "GS Proposal and Document Builder",
    "DocumentTemplateGUID": "1fc3acf2-69d9-4d85-b506-2dcb4499b3d8",
    "TemplateVersion": "7339",
    "DocumentSubType": "",
    "Created": "18/08/2016 02:08:02",
    "Modified": "18/08/2016 02:08:04",
    "Author": "Md Yaden,MFB,Fauzi,TAQ3 R",
    "Editor": "Md Yaden,MFB,Fauzi,TAQ3 R",
    "AuthorId": "18",
    "EditorId": "18",
    "UserId": "607569566",
    "URL": "http://santdev.bt.com/SANTDocuments/607569566/Fauzi_2016-08-18-2.pdf",
    "Last_x0020_Build_x0020_Date": "18/08/2016 02:08:03"
  },
  {
    "ID": "401",
    "FileLeafRef": "Fauzi_2016-08-18-2.docx",
    "DataItemGUID": "33640451-3a53-484d-b6bb-25fffd49696b",
    "AssignedTo": "",
    "AssignedToId": "",
    "DocumentTypeCategory": "Proposal",
    "DocumentType": "GS Proposal and Document Builder",
    "DocumentTemplateGUID": "1fc3acf2-69d9-4d85-b506-2dcb4499b3d8",
    "TemplateVersion": "7340",
    "DocumentSubType": "",
    "Created": "18/08/2016 02:02:15",
    "Modified": "18/08/2016 10:56:21",
    "Author": "Md Yaden,MFB,Fauzi,TAQ3 R",
    "Editor": "System Account",
    "AuthorId": "18",
    "EditorId": "1073741823",
    "UserId": "607569566",
    "URL": "http://santdev.bt.com/SANTDocuments/607569566/Fauzi_2016-08-18-2.docx",
    "Last_x0020_Build_x0020_Date": "18/08/2016 02:11:05"
  },
  {
    "ID": "359",
    "FileLeafRef": "fauzi test 0308.docx",
    "DataItemGUID": "4eef1376-3c76-4fa9-940f-03be8122147e",
    "AssignedTo": "Domingo,J,John,TAQ3 R",
    "AssignedToId": "1",
    "DocumentTypeCategory": "Proposal",
    "DocumentType": "GS Proposal and Document Builder",
    "DocumentTemplateGUID": "1fc3acf2-69d9-4d85-b506-2dcb4499b3d8",
    "TemplateVersion": "7355",
    "DocumentSubType": "",
    "Created": "03/08/2016 13:37:18",
    "Modified": "09/11/2016 09:09:42",
    "Author": "Md Yaden,MFB,Fauzi,TAQ3 R",
    "Editor": "Sarvana Shanmugasundaram,N C",
    "AuthorId": "18",
    "EditorId": "54",
    "UserId": "607569566",
    "URL": "http://santdev.bt.com/SANTDocuments/607569566/fauzi test 0308.docx",
    "Last_x0020_Build_x0020_Date": "17/08/2016 17:06:15"
  },
  {
    "ID": "305",
    "FileLeafRef": "Fauzi_20160714.docx",
    "DataItemGUID": "081fc0a5-6ee4-4aa0-9823-87ce87b28b21",
    "AssignedTo": "",
    "AssignedToId": "",
    "DocumentTypeCategory": "Proposal",
    "DocumentType": "GS Proposal and Document Builder",
    "DocumentTemplateGUID": "1fc3acf2-69d9-4d85-b506-2dcb4499b3d8",
    "TemplateVersion": "7355",
    "DocumentSubType": "",
    "Created": "14/07/2016 06:10:31",
    "Modified": "24/10/2016 16:28:55",
    "Author": "Md Yaden,MFB,Fauzi,TAQ3 R",
    "Editor": "Md Yaden,MFB,Fauzi,TAQ3 R",
    "AuthorId": "18",
    "EditorId": "18",
    "UserId": "607569566",
    "URL": "http://santdev.bt.com/SANTDocuments/607569566/Fauzi_20160714.docx",
    "Last_x0020_Build_x0020_Date": "24/10/2016 16:28:55"
  },
  {
    "ID": "236",
    "FileLeafRef": "test.pdf",
    "DataItemGUID": "",
    "AssignedTo": "",
    "AssignedToId": "",
    "DocumentTypeCategory": "",
    "DocumentType": "",
    "DocumentTemplateGUID": "",
    "TemplateVersion": "",
    "DocumentSubType": "",
    "Created": "02/06/2016 08:30:02",
    "Modified": "02/06/2016 08:30:06",
    "Author": "Md Yaden,MFB,Fauzi,TAQ3 R",
    "Editor": "Md Yaden,MFB,Fauzi,TAQ3 R",
    "AuthorId": "18",
    "EditorId": "18",
    "UserId": "607569566",
    "URL": "http://santdev.bt.com/SANTDocuments/607569566/test.pdf",
    "Last_x0020_Build_x0020_Date": "02/06/2016 08:30:06"
  }
]