[
  {
    "ID": "462",
    "FileLeafRef": "Fauzi Test 2 .docx",
    "DocumentTitle": "Fauzi Test 2",
    "DataItemGUID": "677f1920-5dfb-462b-97d1-70488d0f3924",
    "AssignedTo": "",
    "AssignedToId": "",
    "DocumentTypeCategory": "Proposal",
    "DocumentType": "GS Proposal and Document Builder",
    "DocumentTemplateGUID": "1fc3acf2-69d9-4d85-b506-2dcb4499b3d8",
    "TemplateVersion": "7355",
    "DocumentSubType": "",
    "Created": "02/11/2016 09:25:35",
    "Modified": "02/11/2016 09:25:36",
    "Author": "Md Yaden,MFB,Fauzi,TAQ3 R",
    "Editor": "Md Yaden,MFB,Fauzi,TAQ3 R",
    "AuthorId": "18",
    "EditorId": "18",
    "UserId": "607569566",
    "Last_x0020_Build_x0020_Date": ""
  },
  {
    "ID": "461",
    "FileLeafRef": "Fauzi Test .docx",
    "DocumentTitle": "Fauzi Test ",
    "DataItemGUID": "409d5021-9bca-425a-9833-47fed2b8703b",
    "AssignedTo": "",
    "AssignedToId": "",
    "DocumentTypeCategory": "Proposal",
    "DocumentType": "GS Proposal and Document Builder",
    "DocumentTemplateGUID": "1fc3acf2-69d9-4d85-b506-2dcb4499b3d8",
    "TemplateVersion": "7355",
    "DocumentSubType": "",
    "Created": "02/11/2016 09:09:13",
    "Modified": "02/11/2016 09:09:13",
    "Author": "Md Yaden,MFB,Fauzi,TAQ3 R",
    "Editor": "Md Yaden,MFB,Fauzi,TAQ3 R",
    "AuthorId": "18",
    "EditorId": "18",
    "UserId": "607569566",
    "Last_x0020_Build_x0020_Date": ""
  },
  {
    "ID": "459",
    "FileLeafRef": "asasas.docx",
    "DocumentTitle": "asasas",
    "DataItemGUID": "c43312cd-dbfd-43ec-ab2d-db504dbc4a17",
    "AssignedTo": "",
    "AssignedToId": "",
    "DocumentTypeCategory": "Proposal",
    "DocumentType": "GS Proposal and Document Builder",
    "DocumentTemplateGUID": "1fc3acf2-69d9-4d85-b506-2dcb4499b3d8",
    "TemplateVersion": "7355",
    "DocumentSubType": "",
    "Created": "02/11/2016 05:23:44",
    "Modified": "02/11/2016 05:23:47",
    "Author": "Md Yaden,MFB,Fauzi,TAQ3 R",
    "Editor": "Md Yaden,MFB,Fauzi,TAQ3 R",
    "AuthorId": "18",
    "EditorId": "18",
    "UserId": "607569566",
    "Last_x0020_Build_x0020_Date": ""
  },
  {
    "ID": "458",
    "FileLeafRef": "11111.docx",
    "DocumentTitle": "11111",
    "DataItemGUID": "8629610d-bba0-439c-bdc1-4966c25dd341",
    "AssignedTo": "",
    "AssignedToId": "",
    "DocumentTypeCategory": "Proposal",
    "DocumentType": "GS Proposal and Document Builder",
    "DocumentTemplateGUID": "1fc3acf2-69d9-4d85-b506-2dcb4499b3d8",
    "TemplateVersion": "7355",
    "DocumentSubType": "",
    "Created": "01/11/2016 13:33:38",
    "Modified": "01/11/2016 13:33:43",
    "Author": "Md Yaden,MFB,Fauzi,TAQ3 R",
    "Editor": "Md Yaden,MFB,Fauzi,TAQ3 R",
    "AuthorId": "18",
    "EditorId": "18",
    "UserId": "607569566",
    "Last_x0020_Build_x0020_Date": ""
  },
  {
    "ID": "457",
    "FileLeafRef": "Test Multiline 2.docx",
    "DocumentTitle": "Test Multiline 2",
    "DataItemGUID": "c3b7d19b-a733-4076-86fc-ffe0cd0d0b57",
    "AssignedTo": "",
    "AssignedToId": "",
    "DocumentTypeCategory": "Proposal",
    "DocumentType": "2 Column Test",
    "DocumentTemplateGUID": "d48ba836-ee55-48eb-b891-e5fa625af3c3",
    "TemplateVersion": "23",
    "DocumentSubType": "90036eef-083a-450d-8539-a8c8314bd199",
    "Created": "25/10/2016 10:35:24",
    "Modified": "11/11/2016 14:22:16",
    "Author": "Md Yaden,MFB,Fauzi,TAQ3 R",
    "Editor": "System Account",
    "AuthorId": "18",
    "EditorId": "1073741823",
    "UserId": "607569566",
    "Last_x0020_Build_x0020_Date": "05/11/2016 17:45:27"
  },
  {
    "ID": "456",
    "FileLeafRef": "test multi line 1.docx",
    "DocumentTitle": "test multi line 1",
    "DataItemGUID": "2574e0dd-ce2b-4db3-9d1d-95a063a3a8f6",
    "AssignedTo": "",
    "AssignedToId": "",
    "DocumentTypeCategory": "Proposal",
    "DocumentType": "2 Column Test",
    "DocumentTemplateGUID": "d48ba836-ee55-48eb-b891-e5fa625af3c3",
    "TemplateVersion": "23",
    "DocumentSubType": "90036eef-083a-450d-8539-a8c8314bd199",
    "Created": "25/10/2016 09:53:54",
    "Modified": "08/11/2016 13:32:39",
    "Author": "Md Yaden,MFB,Fauzi,TAQ3 R",
    "Editor": "Md Yaden,MFB,Fauzi,TAQ3 R",
    "AuthorId": "18",
    "EditorId": "18",
    "UserId": "607569566",
    "Last_x0020_Build_x0020_Date": "25/10/2016 15:06:04"
  },
  {
    "ID": "453",
    "FileLeafRef": "Demo_2016-10-20-1.docx",
    "DocumentTitle": "Demo_2016-10-20-1",
    "DataItemGUID": "e17cc30f-90a0-4392-a65c-2d47dfecd867",
    "AssignedTo": "",
    "AssignedToId": "",
    "DocumentTypeCategory": "Proposal",
    "DocumentType": "GS Proposal and Document Builder",
    "DocumentTemplateGUID": "1fc3acf2-69d9-4d85-b506-2dcb4499b3d8",
    "TemplateVersion": "7355",
    "DocumentSubType": "",
    "Created": "20/10/2016 11:12:11",
    "Modified": "20/10/2016 11:24:41",
    "Author": "Md Yaden,MFB,Fauzi,TAQ3 R",
    "Editor": "Md Yaden,MFB,Fauzi,TAQ3 R",
    "AuthorId": "18",
    "EditorId": "18",
    "UserId": "607569566",
    "Last_x0020_Build_x0020_Date": ""
  },
  {
    "ID": "452",
    "FileLeafRef": "Fauzi_MS_Test_2016-10-20-1.docx",
    "DocumentTitle": "Fauzi_MS_Test_2016-10-20-1",
    "DataItemGUID": "f8586825-3e83-48c4-a184-23de67e8a831",
    "AssignedTo": "",
    "AssignedToId": "",
    "DocumentTypeCategory": "Proposal",
    "DocumentType": "GS Proposal and Document Builder",
    "DocumentTemplateGUID": "1fc3acf2-69d9-4d85-b506-2dcb4499b3d8",
    "TemplateVersion": "",
    "DocumentSubType": "",
    "Created": "20/10/2016 09:25:24",
    "Modified": "20/10/2016 09:25:26",
    "Author": "Md Yaden,MFB,Fauzi,TAQ3 R",
    "Editor": "Md Yaden,MFB,Fauzi,TAQ3 R",
    "AuthorId": "18",
    "EditorId": "18",
    "UserId": "607569566",
    "Last_x0020_Build_x0020_Date": ""
  },
  {
    "ID": "451",
    "FileLeafRef": "Fauzi_MS_Test_2016-10-19-6.docx",
    "DocumentTitle": "Fauzi_MS_Test_2016-10-19-6",
    "DataItemGUID": "24e585a9-2b88-44cb-a090-4d663ce21b87",
    "AssignedTo": "",
    "AssignedToId": "",
    "DocumentTypeCategory": "Procurement Contracts",
    "DocumentType": "Agile Contract",
    "DocumentTemplateGUID": "97043150-792b-4561-96f5-879fc69b581b",
    "TemplateVersion": "",
    "DocumentSubType": "808ba2a6-2f73-4c7c-9699-7b6157e31edc",
    "Created": "19/10/2016 16:37:52",
    "Modified": "19/10/2016 16:37:56",
    "Author": "Md Yaden,MFB,Fauzi,TAQ3 R",
    "Editor": "Md Yaden,MFB,Fauzi,TAQ3 R",
    "AuthorId": "18",
    "EditorId": "18",
    "UserId": "607569566",
    "Last_x0020_Build_x0020_Date": ""
  },
  {
    "ID": "443",
    "FileLeafRef": "FauziTest_2016-10-17-4.docx",
    "DocumentTitle": "FauziTest_2016-10-17-4",
    "DataItemGUID": "766a2087-7f85-461a-8261-bb729a476d6b",
    "AssignedTo": "",
    "AssignedToId": "",
    "DocumentTypeCategory": "Procurement Contracts",
    "DocumentType": "Agile Contract",
    "DocumentTemplateGUID": "97043150-792b-4561-96f5-879fc69b581b",
    "TemplateVersion": "799",
    "DocumentSubType": "808ba2a6-2f73-4c7c-9699-7b6157e31edc",
    "Created": "17/10/2016 09:41:55",
    "Modified": "17/10/2016 09:41:56",
    "Author": "Md Yaden,MFB,Fauzi,TAQ3 R",
    "Editor": "Md Yaden,MFB,Fauzi,TAQ3 R",
    "AuthorId": "18",
    "EditorId": "18",
    "UserId": "607569566",
    "Last_x0020_Build_x0020_Date": ""
  },
  {
    "ID": "442",
    "FileLeafRef": "FauziTest_2010-10-17-3.docx",
    "DocumentTitle": "FauziTest_2010-10-17-3",
    "DataItemGUID": "3d503cf0-fe65-4829-9b22-343d80f03fd4",
    "AssignedTo": "",
    "AssignedToId": "",
    "DocumentTypeCategory": "Procurement Contracts",
    "DocumentType": "Agile Contract",
    "DocumentTemplateGUID": "97043150-792b-4561-96f5-879fc69b581b",
    "TemplateVersion": "799",
    "DocumentSubType": "",
    "Created": "17/10/2016 09:38:44",
    "Modified": "17/10/2016 09:39:17",
    "Author": "Md Yaden,MFB,Fauzi,TAQ3 R",
    "Editor": "Md Yaden,MFB,Fauzi,TAQ3 R",
    "AuthorId": "18",
    "EditorId": "18",
    "UserId": "607569566",
    "Last_x0020_Build_x0020_Date": ""
  },
  {
    "ID": "441",
    "FileLeafRef": "FauziTest_2016-10-17-2.docx",
    "DocumentTitle": "FauziTest_2016-10-17-2",
    "DataItemGUID": "10cc0889-07b3-4bf5-93c3-d05c136b4d3a",
    "AssignedTo": "",
    "AssignedToId": "",
    "DocumentTypeCategory": "Procurement Contracts",
    "DocumentType": "Agile Contract",
    "DocumentTemplateGUID": "97043150-792b-4561-96f5-879fc69b581b",
    "TemplateVersion": "799",
    "DocumentSubType": "",
    "Created": "17/10/2016 09:26:22",
    "Modified": "17/10/2016 09:26:22",
    "Author": "Md Yaden,MFB,Fauzi,TAQ3 R",
    "Editor": "Md Yaden,MFB,Fauzi,TAQ3 R",
    "AuthorId": "18",
    "EditorId": "18",
    "UserId": "607569566",
    "Last_x0020_Build_x0020_Date": ""
  },
  {
    "ID": "440",
    "FileLeafRef": "FauziTest_2016-10-17-1.docx",
    "DocumentTitle": "FauziTest_2016-10-17-1",
    "DataItemGUID": "c72f0b28-1b77-4227-b8d6-caca846b9ee1",
    "AssignedTo": "",
    "AssignedToId": "",
    "DocumentTypeCategory": "Procurement Contracts",
    "DocumentType": "Agile Contract",
    "DocumentTemplateGUID": "97043150-792b-4561-96f5-879fc69b581b",
    "TemplateVersion": "799",
    "DocumentSubType": "",
    "Created": "17/10/2016 09:10:10",
    "Modified": "17/10/2016 09:10:14",
    "Author": "Md Yaden,MFB,Fauzi,TAQ3 R",
    "Editor": "Md Yaden,MFB,Fauzi,TAQ3 R",
    "AuthorId": "18",
    "EditorId": "18",
    "UserId": "607569566",
    "Last_x0020_Build_x0020_Date": ""
  },
  {
    "ID": "437",
    "FileLeafRef": "Fauzi_2016-09-23-1.docx",
    "DocumentTitle": "Fauzi_2016-09-23-1",
    "DataItemGUID": "a3532fd5-b1c2-4766-890d-aba36a9bbde6",
    "AssignedTo": "",
    "AssignedToId": "",
    "DocumentTypeCategory": "Sales Contracts",
    "DocumentType": "Legal PSA - USA Only",
    "DocumentTemplateGUID": "36ab1613-bc30-4eab-a7c0-d2e196c6bdb0",
    "TemplateVersion": "533",
    "DocumentSubType": "",
    "Created": "23/09/2016 09:00:00",
    "Modified": "23/09/2016 09:00:03",
    "Author": "Md Yaden,MFB,Fauzi,TAQ3 R",
    "Editor": "Md Yaden,MFB,Fauzi,TAQ3 R",
    "AuthorId": "18",
    "EditorId": "18",
    "UserId": "607569566",
    "Last_x0020_Build_x0020_Date": ""
  },
  {
    "ID": "430",
    "FileLeafRef": "Fauzi Test 1 2 3 4.docx",
    "DocumentTitle": "Fauzi Test 1 2 3 4",
    "DataItemGUID": "aaffa7c0-dae7-44f4-8acf-df13e06f4141",
    "AssignedTo": "",
    "AssignedToId": "",
    "DocumentTypeCategory": "Proposal",
    "DocumentType": "GS Proposal and Document Builder",
    "DocumentTemplateGUID": "1fc3acf2-69d9-4d85-b506-2dcb4499b3d8",
    "TemplateVersion": "7347",
    "DocumentSubType": "",
    "Created": "06/09/2016 07:24:57",
    "Modified": "06/09/2016 07:25:56",
    "Author": "Md Yaden,MFB,Fauzi,TAQ3 R",
    "Editor": "Md Yaden,MFB,Fauzi,TAQ3 R",
    "AuthorId": "18",
    "EditorId": "18",
    "UserId": "607569566",
    "Last_x0020_Build_x0020_Date": ""
  },
  {
    "ID": "429",
    "FileLeafRef": "Fauzi Test 1 2 3 -.docx",
    "DocumentTitle": "Fauzi Test 1 2 3 -",
    "DataItemGUID": "15373b12-2c1d-443c-9b1c-2dcd4a8f20d6",
    "AssignedTo": "",
    "AssignedToId": "",
    "DocumentTypeCategory": "Proposal",
    "DocumentType": "GS Proposal and Document Builder",
    "DocumentTemplateGUID": "1fc3acf2-69d9-4d85-b506-2dcb4499b3d8",
    "TemplateVersion": "7347",
    "DocumentSubType": "",
    "Created": "06/09/2016 07:22:53",
    "Modified": "06/09/2016 07:25:16",
    "Author": "Md Yaden,MFB,Fauzi,TAQ3 R",
    "Editor": "Md Yaden,MFB,Fauzi,TAQ3 R",
    "AuthorId": "18",
    "EditorId": "18",
    "UserId": "607569566",
    "Last_x0020_Build_x0020_Date": ""
  },
  {
    "ID": "427",
    "FileLeafRef": "F2.docx",
    "DocumentTitle": "F2",
    "DataItemGUID": "a09a5056-6653-444f-bde5-d18888e9d49a",
    "AssignedTo": "",
    "AssignedToId": "",
    "DocumentTypeCategory": "Proposal",
    "DocumentType": "GS Proposal and Document Builder",
    "DocumentTemplateGUID": "1fc3acf2-69d9-4d85-b506-2dcb4499b3d8",
    "TemplateVersion": "7347",
    "DocumentSubType": "",
    "Created": "01/09/2016 09:08:40",
    "Modified": "01/09/2016 09:08:44",
    "Author": "Md Yaden,MFB,Fauzi,TAQ3 R",
    "Editor": "Md Yaden,MFB,Fauzi,TAQ3 R",
    "AuthorId": "18",
    "EditorId": "18",
    "UserId": "607569566",
    "Last_x0020_Build_x0020_Date": ""
  },
  {
    "ID": "422",
    "FileLeafRef": "Fauzi_2016-08-23-33.docx",
    "DocumentTitle": "Fauzi_2016-08-23-33",
    "DataItemGUID": "7399d1b0-6b7b-43d2-97fa-6cb8bf277c10",
    "AssignedTo": "",
    "AssignedToId": "",
    "DocumentTypeCategory": "Procurement Contracts",
    "DocumentType": "PRiSM Long Form Standard Contracts",
    "DocumentTemplateGUID": "053699a0-4b98-46a9-b2d6-e8969f9f5cf3",
    "TemplateVersion": "1392",
    "DocumentSubType": "fbd78fce-81fb-47ee-a6ec-02b7c5b9ca17",
    "Created": "23/08/2016 12:26:59",
    "Modified": "06/09/2016 07:12:50",
    "Author": "Md Yaden,MFB,Fauzi,TAQ3 R",
    "Editor": "Md Yaden,MFB,Fauzi,TAQ3 R",
    "AuthorId": "18",
    "EditorId": "18",
    "UserId": "607569566",
    "Last_x0020_Build_x0020_Date": ""
  },
  {
    "ID": "421",
    "FileLeafRef": "Fauzi_2016-08-23-2.docx",
    "DocumentTitle": "Fauzi_2016-08-23-2",
    "DataItemGUID": "6705a547-fa6d-4ce0-a31b-3b87a7c5fb56",
    "AssignedTo": "",
    "AssignedToId": "",
    "DocumentTypeCategory": "Procurement Contracts",
    "DocumentType": "PRiSM Long Form Standard Contracts",
    "DocumentTemplateGUID": "053699a0-4b98-46a9-b2d6-e8969f9f5cf3",
    "TemplateVersion": "1392",
    "DocumentSubType": "fbd78fce-81fb-47ee-a6ec-02b7c5b9ca17",
    "Created": "23/08/2016 11:50:19",
    "Modified": "23/08/2016 12:23:22",
    "Author": "Md Yaden,MFB,Fauzi,TAQ3 R",
    "Editor": "Md Yaden,MFB,Fauzi,TAQ3 R",
    "AuthorId": "18",
    "EditorId": "18",
    "UserId": "607569566",
    "Last_x0020_Build_x0020_Date": ""
  },
  {
    "ID": "419",
    "FileLeafRef": "Fauzi_2016-08-23-1.docx",
    "DocumentTitle": "Fauzi_2016-08-23-1",
    "DataItemGUID": "dfabe04d-6cb6-492d-a074-39a9238bccc2",
    "AssignedTo": "",
    "AssignedToId": "",
    "DocumentTypeCategory": "Proposal",
    "DocumentType": "GS Proposal and Document Builder",
    "DocumentTemplateGUID": "1fc3acf2-69d9-4d85-b506-2dcb4499b3d8",
    "TemplateVersion": "7347",
    "DocumentSubType": "",
    "Created": "23/08/2016 08:00:35",
    "Modified": "06/09/2016 07:20:24",
    "Author": "Md Yaden,MFB,Fauzi,TAQ3 R",
    "Editor": "System Account",
    "AuthorId": "18",
    "EditorId": "1073741823",
    "UserId": "607569566",
    "Last_x0020_Build_x0020_Date": "23/08/2016 09:38:14"
  },
  {
    "ID": "415",
    "FileLeafRef": "Fauzi_2016-08-19-8.docx",
    "DocumentTitle": "Fauzi_2016-08-19-8",
    "DataItemGUID": "c7aa8f3b-6f1a-4209-977b-638927d6ca54",
    "AssignedTo": "",
    "AssignedToId": "",
    "DocumentTypeCategory": "Proposal",
    "DocumentType": "GS Proposal and Document Builder",
    "DocumentTemplateGUID": "1fc3acf2-69d9-4d85-b506-2dcb4499b3d8",
    "TemplateVersion": "7340",
    "DocumentSubType": "",
    "Created": "19/08/2016 16:23:53",
    "Modified": "19/08/2016 17:17:36",
    "Author": "Md Yaden,MFB,Fauzi,TAQ3 R",
    "Editor": "Md Yaden,MFB,Fauzi,TAQ3 R",
    "AuthorId": "18",
    "EditorId": "18",
    "UserId": "607569566",
    "Last_x0020_Build_x0020_Date": ""
  },
  {
    "ID": "413",
    "FileLeafRef": "Fauzi6.docx",
    "DocumentTitle": "Fauzi6",
    "DataItemGUID": "ef8cc628-5658-491c-be2a-cc84d748d52e",
    "AssignedTo": "",
    "AssignedToId": "",
    "DocumentTypeCategory": "Proposal",
    "DocumentType": "GS Proposal and Document Builder",
    "DocumentTemplateGUID": "1fc3acf2-69d9-4d85-b506-2dcb4499b3d8",
    "TemplateVersion": "7340",
    "DocumentSubType": "",
    "Created": "19/08/2016 05:33:51",
    "Modified": "19/08/2016 05:33:51",
    "Author": "Md Yaden,MFB,Fauzi,TAQ3 R",
    "Editor": "Md Yaden,MFB,Fauzi,TAQ3 R",
    "AuthorId": "18",
    "EditorId": "18",
    "UserId": "607569566",
    "Last_x0020_Build_x0020_Date": ""
  },
  {
    "ID": "412",
    "FileLeafRef": "Fauzi5.docx",
    "DocumentTitle": "Fauzi5",
    "DataItemGUID": "28ab95bd-dea9-495c-862f-7ba7b550f9e4",
    "AssignedTo": "",
    "AssignedToId": "",
    "DocumentTypeCategory": "Proposal",
    "DocumentType": "GS Proposal and Document Builder",
    "DocumentTemplateGUID": "1fc3acf2-69d9-4d85-b506-2dcb4499b3d8",
    "TemplateVersion": "7340",
    "DocumentSubType": "",
    "Created": "19/08/2016 05:29:48",
    "Modified": "19/08/2016 05:29:49",
    "Author": "Md Yaden,MFB,Fauzi,TAQ3 R",
    "Editor": "Md Yaden,MFB,Fauzi,TAQ3 R",
    "AuthorId": "18",
    "EditorId": "18",
    "UserId": "607569566",
    "Last_x0020_Build_x0020_Date": ""
  },
  {
    "ID": "408",
    "FileLeafRef": "Fauzi1.docx",
    "DocumentTitle": "Fauzi1",
    "DataItemGUID": "32dfffa1-0414-45d8-93ef-6b022ebcc708",
    "AssignedTo": "",
    "AssignedToId": "",
    "DocumentTypeCategory": "Proposal",
    "DocumentType": "GS Proposal and Document Builder",
    "DocumentTemplateGUID": "1fc3acf2-69d9-4d85-b506-2dcb4499b3d8",
    "TemplateVersion": "7342",
    "DocumentSubType": "",
    "Created": "19/08/2016 05:17:24",
    "Modified": "19/08/2016 18:21:19",
    "Author": "Md Yaden,MFB,Fauzi,TAQ3 R",
    "Editor": "System Account",
    "AuthorId": "18",
    "EditorId": "1073741823",
    "UserId": "607569566",
    "Last_x0020_Build_x0020_Date": ""
  },
  {
    "ID": "407",
    "FileLeafRef": "Fauzi_Dev_2016-08-19-2.docx",
    "DocumentTitle": "Fauzi_Dev_2016-08-19-2",
    "DataItemGUID": "ca790e44-570e-41bd-b34d-4a1aa78d2c76",
    "AssignedTo": "",
    "AssignedToId": "",
    "DocumentTypeCategory": "Proposal",
    "DocumentType": "GS Proposal and Document Builder",
    "DocumentTemplateGUID": "1fc3acf2-69d9-4d85-b506-2dcb4499b3d8",
    "TemplateVersion": "7340",
    "DocumentSubType": "",
    "Created": "19/08/2016 04:49:26",
    "Modified": "19/08/2016 05:06:48",
    "Author": "Md Yaden,MFB,Fauzi,TAQ3 R",
    "Editor": "Md Yaden,MFB,Fauzi,TAQ3 R",
    "AuthorId": "18",
    "EditorId": "18",
    "UserId": "607569566",
    "Last_x0020_Build_x0020_Date": ""
  },
  {
    "ID": "406",
    "FileLeafRef": "Fauzi_Dev_2016-08-19.docx",
    "DocumentTitle": "Fauzi_Dev_2016-08-19",
    "DataItemGUID": "0dbe9320-dc9c-43ec-952b-be159fcfaf4a",
    "AssignedTo": "",
    "AssignedToId": "",
    "DocumentTypeCategory": "Proposal",
    "DocumentType": "GS Proposal and Document Builder",
    "DocumentTemplateGUID": "1fc3acf2-69d9-4d85-b506-2dcb4499b3d8",
    "TemplateVersion": "7340",
    "DocumentSubType": "",
    "Created": "19/08/2016 04:47:24",
    "Modified": "19/08/2016 04:47:27",
    "Author": "Md Yaden,MFB,Fauzi,TAQ3 R",
    "Editor": "Md Yaden,MFB,Fauzi,TAQ3 R",
    "AuthorId": "18",
    "EditorId": "18",
    "UserId": "607569566",
    "Last_x0020_Build_x0020_Date": ""
  },
  {
    "ID": "405",
    "FileLeafRef": "Fauzi_2016-08-18-3.docx",
    "DocumentTitle": "Fauzi_2016-08-18-3",
    "DataItemGUID": "5b3b3ec8-5851-4f59-afa0-8a6df5e9e747",
    "AssignedTo": "",
    "AssignedToId": "",
    "DocumentTypeCategory": "Proposal",
    "DocumentType": "GS Proposal and Document Builder",
    "DocumentTemplateGUID": "1fc3acf2-69d9-4d85-b506-2dcb4499b3d8",
    "TemplateVersion": "7341",
    "DocumentSubType": "",
    "Created": "18/08/2016 16:38:22",
    "Modified": "19/08/2016 18:17:51",
    "Author": "Md Yaden,MFB,Fauzi,TAQ3 R",
    "Editor": "System Account",
    "AuthorId": "18",
    "EditorId": "1073741823",
    "UserId": "607569566",
    "Last_x0020_Build_x0020_Date": ""
  },
  {
    "ID": "401",
    "FileLeafRef": "Fauzi_2016-08-18-2.docx",
    "DocumentTitle": "Fauzi_2016-08-18-2",
    "DataItemGUID": "33640451-3a53-484d-b6bb-25fffd49696b",
    "AssignedTo": "",
    "AssignedToId": "",
    "DocumentTypeCategory": "Proposal",
    "DocumentType": "GS Proposal and Document Builder",
    "DocumentTemplateGUID": "1fc3acf2-69d9-4d85-b506-2dcb4499b3d8",
    "TemplateVersion": "7340",
    "DocumentSubType": "",
    "Created": "18/08/2016 02:02:15",
    "Modified": "18/08/2016 10:56:21",
    "Author": "Md Yaden,MFB,Fauzi,TAQ3 R",
    "Editor": "System Account",
    "AuthorId": "18",
    "EditorId": "1073741823",
    "UserId": "607569566",
    "Last_x0020_Build_x0020_Date": "18/08/2016 02:11:05"
  },
  {
    "ID": "359",
    "FileLeafRef": "fauzi test 0308.docx",
    "DocumentTitle": "fauzi test 0308",
    "DataItemGUID": "4eef1376-3c76-4fa9-940f-03be8122147e",
    "AssignedTo": "Domingo,J,John,TAQ3 R",
    "AssignedToId": "1",
    "DocumentTypeCategory": "Proposal",
    "DocumentType": "GS Proposal and Document Builder",
    "DocumentTemplateGUID": "1fc3acf2-69d9-4d85-b506-2dcb4499b3d8",
    "TemplateVersion": "7355",
    "DocumentSubType": "",
    "Created": "03/08/2016 13:37:18",
    "Modified": "09/11/2016 09:09:42",
    "Author": "Md Yaden,MFB,Fauzi,TAQ3 R",
    "Editor": "Sarvana Shanmugasundaram,N C",
    "AuthorId": "18",
    "EditorId": "54",
    "UserId": "607569566",
    "Last_x0020_Build_x0020_Date": "17/08/2016 17:06:15"
  },
  {
    "ID": "305",
    "FileLeafRef": "Fauzi_20160714.docx",
    "DocumentTitle": "Fauzi_20160714",
    "DataItemGUID": "081fc0a5-6ee4-4aa0-9823-87ce87b28b21",
    "AssignedTo": "",
    "AssignedToId": "",
    "DocumentTypeCategory": "Proposal",
    "DocumentType": "GS Proposal and Document Builder",
    "DocumentTemplateGUID": "1fc3acf2-69d9-4d85-b506-2dcb4499b3d8",
    "TemplateVersion": "7355",
    "DocumentSubType": "",
    "Created": "14/07/2016 06:10:31",
    "Modified": "24/10/2016 16:28:55",
    "Author": "Md Yaden,MFB,Fauzi,TAQ3 R",
    "Editor": "Md Yaden,MFB,Fauzi,TAQ3 R",
    "AuthorId": "18",
    "EditorId": "18",
    "UserId": "607569566",
    "Last_x0020_Build_x0020_Date": "24/10/2016 16:28:55"
  }
]