{
  "d": {
    "UserProfileProperties": {
      "results": [
        {
          "__metadata": {
            "type": "SP.KeyValue"
          },
          "Key": "UserProfile_GUID",
          "Value": "f4e7bb98-509a-4a10-8b55-0778e65d9e89",
          "ValueType": "Edm.String"
        },
        {
          "__metadata": {
            "type": "SP.KeyValue"
          },
          "Key": "SID",
          "Value": "S-1-5-21-1275210071-2000478354-682003330-1887732",
          "ValueType": "Edm.String"
        },
        {
          "__metadata": {
            "type": "SP.KeyValue"
          },
          "Key": "ADGuid",
          "Value": "",
          "ValueType": "Edm.String"
        },
        {
          "__metadata": {
            "type": "SP.KeyValue"
          },
          "Key": "AccountName",
          "Value": "iuser\\609070282",
          "ValueType": "Edm.String"
        },
        {
          "__metadata": {
            "type": "SP.KeyValue"
          },
          "Key": "FirstName",
          "Value": "Nareshkumar",
          "ValueType": "Edm.String"
        },
        {
          "__metadata": {
            "type": "SP.KeyValue"
          },
          "Key": "SPS-PhoneticFirstName",
          "Value": "",
          "ValueType": "Edm.String"
        },
        {
          "__metadata": {
            "type": "SP.KeyValue"
          },
          "Key": "LastName",
          "Value": "Sarvana Shanmugasundaram",
          "ValueType": "Edm.String"
        },
        {
          "__metadata": {
            "type": "SP.KeyValue"
          },
          "Key": "SPS-PhoneticLastName",
          "Value": "",
          "ValueType": "Edm.String"
        },
        {
          "__metadata": {
            "type": "SP.KeyValue"
          },
          "Key": "PreferredName",
          "Value": "Sarvana Shanmugasundaram,N C",
          "ValueType": "Edm.String"
        },
        {
          "__metadata": {
            "type": "SP.KeyValue"
          },
          "Key": "SPS-PhoneticDisplayName",
          "Value": "",
          "ValueType": "Edm.String"
        },
        {
          "__metadata": {
            "type": "SP.KeyValue"
          },
          "Key": "WorkPhone",
          "Value": "+44 7405 351857",
          "ValueType": "Edm.String"
        },
        {
          "__metadata": {
            "type": "SP.KeyValue"
          },
          "Key": "Department",
          "Value": "TAQ32",
          "ValueType": "Edm.String"
        },
        {
          "__metadata": {
            "type": "SP.KeyValue"
          },
          "Key": "Title",
          "Value": "Software Engineer",
          "ValueType": "Edm.String"
        },
        {
          "__metadata": {
            "type": "SP.KeyValue"
          },
          "Key": "SPS-JobTitle",
          "Value": "Software Engineer",
          "ValueType": "Edm.String"
        },
        {
          "__metadata": {
            "type": "SP.KeyValue"
          },
          "Key": "SPS-Department",
          "Value": "TAQ32",
          "ValueType": "Edm.String"
        },
        {
          "__metadata": {
            "type": "SP.KeyValue"
          },
          "Key": "Manager",
          "Value": "IUSER\\803282191",
          "ValueType": "Edm.String"
        },
        {
          "__metadata": {
            "type": "SP.KeyValue"
          },
          "Key": "AboutMe",
          "Value": "",
          "ValueType": "Edm.String"
        },
        {
          "__metadata": {
            "type": "SP.KeyValue"
          },
          "Key": "PersonalSpace",
          "Value": "",
          "ValueType": "Edm.String"
        },
        {
          "__metadata": {
            "type": "SP.KeyValue"
          },
          "Key": "PictureURL",
          "Value": "",
          "ValueType": "Edm.String"
        },
        {
          "__metadata": {
            "type": "SP.KeyValue"
          },
          "Key": "UserName",
          "Value": "609070282",
          "ValueType": "Edm.String"
        },
        {
          "__metadata": {
            "type": "SP.KeyValue"
          },
          "Key": "QuickLinks",
          "Value": "",
          "ValueType": "Edm.String"
        },
        {
          "__metadata": {
            "type": "SP.KeyValue"
          },
          "Key": "WebSite",
          "Value": "",
          "ValueType": "Edm.String"
        },
        {
          "__metadata": {
            "type": "SP.KeyValue"
          },
          "Key": "PublicSiteRedirect",
          "Value": "",
          "ValueType": "Edm.String"
        },
        {
          "__metadata": {
            "type": "SP.KeyValue"
          },
          "Key": "SPS-DataSource",
          "Value": "",
          "ValueType": "Edm.String"
        },
        {
          "__metadata": {
            "type": "SP.KeyValue"
          },
          "Key": "SPS-MemberOf",
          "Value": "",
          "ValueType": "Edm.String"
        },
        {
          "__metadata": {
            "type": "SP.KeyValue"
          },
          "Key": "SPS-Dotted-line",
          "Value": "",
          "ValueType": "Edm.String"
        },
        {
          "__metadata": {
            "type": "SP.KeyValue"
          },
          "Key": "SPS-Peers",
          "Value": "",
          "ValueType": "Edm.String"
        },
        {
          "__metadata": {
            "type": "SP.KeyValue"
          },
          "Key": "SPS-Responsibility",
          "Value": "",
          "ValueType": "Edm.String"
        },
        {
          "__metadata": {
            "type": "SP.KeyValue"
          },
          "Key": "SPS-SipAddress",
          "Value": "",
          "ValueType": "Edm.String"
        },
        {
          "__metadata": {
            "type": "SP.KeyValue"
          },
          "Key": "SPS-MySiteUpgrade",
          "Value": "",
          "ValueType": "Edm.String"
        },
        {
          "__metadata": {
            "type": "SP.KeyValue"
          },
          "Key": "SPS-DontSuggestList",
          "Value": "",
          "ValueType": "Edm.String"
        },
        {
          "__metadata": {
            "type": "SP.KeyValue"
          },
          "Key": "SPS-ProxyAddresses",
          "Value": "",
          "ValueType": "Edm.String"
        },
        {
          "__metadata": {
            "type": "SP.KeyValue"
          },
          "Key": "SPS-HireDate",
          "Value": "",
          "ValueType": "Edm.String"
        },
        {
          "__metadata": {
            "type": "SP.KeyValue"
          },
          "Key": "SPS-DisplayOrder",
          "Value": "",
          "ValueType": "Edm.String"
        },
        {
          "__metadata": {
            "type": "SP.KeyValue"
          },
          "Key": "SPS-ClaimID",
          "Value": "",
          "ValueType": "Edm.String"
        },
        {
          "__metadata": {
            "type": "SP.KeyValue"
          },
          "Key": "SPS-ClaimProviderID",
          "Value": "",
          "ValueType": "Edm.String"
        },
        {
          "__metadata": {
            "type": "SP.KeyValue"
          },
          "Key": "SPS-ClaimProviderType",
          "Value": "",
          "ValueType": "Edm.String"
        },
        {
          "__metadata": {
            "type": "SP.KeyValue"
          },
          "Key": "SPS-LastColleagueAdded",
          "Value": "",
          "ValueType": "Edm.String"
        },
        {
          "__metadata": {
            "type": "SP.KeyValue"
          },
          "Key": "SPS-OWAUrl",
          "Value": "",
          "ValueType": "Edm.String"
        },
        {
          "__metadata": {
            "type": "SP.KeyValue"
          },
          "Key": "SPS-SavedAccountName",
          "Value": "",
          "ValueType": "Edm.String"
        },
        {
          "__metadata": {
            "type": "SP.KeyValue"
          },
          "Key": "SPS-SavedSID",
          "Value": "",
          "ValueType": "Edm.String"
        },
        {
          "__metadata": {
            "type": "SP.KeyValue"
          },
          "Key": "SPS-ResourceSID",
          "Value": "",
          "ValueType": "Edm.String"
        },
        {
          "__metadata": {
            "type": "SP.KeyValue"
          },
          "Key": "SPS-ResourceAccountName",
          "Value": "",
          "ValueType": "Edm.String"
        },
        {
          "__metadata": {
            "type": "SP.KeyValue"
          },
          "Key": "SPS-ObjectExists",
          "Value": "",
          "ValueType": "Edm.String"
        },
        {
          "__metadata": {
            "type": "SP.KeyValue"
          },
          "Key": "SPS-MasterAccountName",
          "Value": "",
          "ValueType": "Edm.String"
        },
        {
          "__metadata": {
            "type": "SP.KeyValue"
          },
          "Key": "SPS-UserPrincipalName",
          "Value": "nareshkumar.sarvanashanmugasundaram@bt.com",
          "ValueType": "Edm.String"
        },
        {
          "__metadata": {
            "type": "SP.KeyValue"
          },
          "Key": "SPS-PersonalSiteCapabilities",
          "Value": "",
          "ValueType": "Edm.String"
        },
        {
          "__metadata": {
            "type": "SP.KeyValue"
          },
          "Key": "SPS-O15FirstRunExperience",
          "Value": "",
          "ValueType": "Edm.String"
        },
        {
          "__metadata": {
            "type": "SP.KeyValue"
          },
          "Key": "SPS-PersonalSiteInstantiationState",
          "Value": "",
          "ValueType": "Edm.String"
        },
        {
          "__metadata": {
            "type": "SP.KeyValue"
          },
          "Key": "SPS-DistinguishedName",
          "Value": "CN=609070282,OU=employee,OU=btplc,DC=iuser,DC=iroot,DC=adidom,DC=com",
          "ValueType": "Edm.String"
        },
        {
          "__metadata": {
            "type": "SP.KeyValue"
          },
          "Key": "SPS-SourceObjectDN",
          "Value": "",
          "ValueType": "Edm.String"
        },
        {
          "__metadata": {
            "type": "SP.KeyValue"
          },
          "Key": "SPS-LastKeywordAdded",
          "Value": "",
          "ValueType": "Edm.String"
        },
        {
          "__metadata": {
            "type": "SP.KeyValue"
          },
          "Key": "SPS-FeedIdentifier",
          "Value": "",
          "ValueType": "Edm.String"
        },
        {
          "__metadata": {
            "type": "SP.KeyValue"
          },
          "Key": "WorkEmail",
          "Value": "",
          "ValueType": "Edm.String"
        },
        {
          "__metadata": {
            "type": "SP.KeyValue"
          },
          "Key": "CellPhone",
          "Value": "",
          "ValueType": "Edm.String"
        },
        {
          "__metadata": {
            "type": "SP.KeyValue"
          },
          "Key": "Fax",
          "Value": "",
          "ValueType": "Edm.String"
        },
        {
          "__metadata": {
            "type": "SP.KeyValue"
          },
          "Key": "HomePhone",
          "Value": "",
          "ValueType": "Edm.String"
        },
        {
          "__metadata": {
            "type": "SP.KeyValue"
          },
          "Key": "Office",
          "Value": "",
          "ValueType": "Edm.String"
        },
        {
          "__metadata": {
            "type": "SP.KeyValue"
          },
          "Key": "SPS-Location",
          "Value": "",
          "ValueType": "Edm.String"
        },
        {
          "__metadata": {
            "type": "SP.KeyValue"
          },
          "Key": "Assistant",
          "Value": "",
          "ValueType": "Edm.String"
        },
        {
          "__metadata": {
            "type": "SP.KeyValue"
          },
          "Key": "SPS-PastProjects",
          "Value": "",
          "ValueType": "Edm.String"
        },
        {
          "__metadata": {
            "type": "SP.KeyValue"
          },
          "Key": "SPS-Skills",
          "Value": "",
          "ValueType": "Edm.String"
        },
        {
          "__metadata": {
            "type": "SP.KeyValue"
          },
          "Key": "SPS-School",
          "Value": "",
          "ValueType": "Edm.String"
        },
        {
          "__metadata": {
            "type": "SP.KeyValue"
          },
          "Key": "SPS-Birthday",
          "Value": "",
          "ValueType": "Edm.String"
        },
        {
          "__metadata": {
            "type": "SP.KeyValue"
          },
          "Key": "SPS-StatusNotes",
          "Value": "",
          "ValueType": "Edm.String"
        },
        {
          "__metadata": {
            "type": "SP.KeyValue"
          },
          "Key": "SPS-Interests",
          "Value": "",
          "ValueType": "Edm.String"
        },
        {
          "__metadata": {
            "type": "SP.KeyValue"
          },
          "Key": "SPS-HashTags",
          "Value": "",
          "ValueType": "Edm.String"
        },
        {
          "__metadata": {
            "type": "SP.KeyValue"
          },
          "Key": "SPS-PictureTimestamp",
          "Value": "",
          "ValueType": "Edm.String"
        },
        {
          "__metadata": {
            "type": "SP.KeyValue"
          },
          "Key": "SPS-EmailOptin",
          "Value": "",
          "ValueType": "Edm.String"
        },
        {
          "__metadata": {
            "type": "SP.KeyValue"
          },
          "Key": "SPS-PicturePlaceholderState",
          "Value": "",
          "ValueType": "Edm.String"
        },
        {
          "__metadata": {
            "type": "SP.KeyValue"
          },
          "Key": "SPS-PrivacyPeople",
          "Value": "False",
          "ValueType": "Edm.String"
        },
        {
          "__metadata": {
            "type": "SP.KeyValue"
          },
          "Key": "SPS-PrivacyActivity",
          "Value": "0",
          "ValueType": "Edm.String"
        },
        {
          "__metadata": {
            "type": "SP.KeyValue"
          },
          "Key": "SPS-PictureExchangeSyncState",
          "Value": "",
          "ValueType": "Edm.String"
        },
        {
          "__metadata": {
            "type": "SP.KeyValue"
          },
          "Key": "SPS-MUILanguages",
          "Value": "",
          "ValueType": "Edm.String"
        },
        {
          "__metadata": {
            "type": "SP.KeyValue"
          },
          "Key": "SPS-ContentLanguages",
          "Value": "",
          "ValueType": "Edm.String"
        },
        {
          "__metadata": {
            "type": "SP.KeyValue"
          },
          "Key": "SPS-TimeZone",
          "Value": "",
          "ValueType": "Edm.String"
        },
        {
          "__metadata": {
            "type": "SP.KeyValue"
          },
          "Key": "SPS-RegionalSettings-FollowWeb",
          "Value": "",
          "ValueType": "Edm.String"
        },
        {
          "__metadata": {
            "type": "SP.KeyValue"
          },
          "Key": "SPS-Locale",
          "Value": "",
          "ValueType": "Edm.String"
        },
        {
          "__metadata": {
            "type": "SP.KeyValue"
          },
          "Key": "SPS-CalendarType",
          "Value": "",
          "ValueType": "Edm.String"
        },
        {
          "__metadata": {
            "type": "SP.KeyValue"
          },
          "Key": "SPS-AltCalendarType",
          "Value": "",
          "ValueType": "Edm.String"
        },
        {
          "__metadata": {
            "type": "SP.KeyValue"
          },
          "Key": "SPS-AdjustHijriDays",
          "Value": "",
          "ValueType": "Edm.String"
        },
        {
          "__metadata": {
            "type": "SP.KeyValue"
          },
          "Key": "SPS-ShowWeeks",
          "Value": "",
          "ValueType": "Edm.String"
        },
        {
          "__metadata": {
            "type": "SP.KeyValue"
          },
          "Key": "SPS-WorkDays",
          "Value": "",
          "ValueType": "Edm.String"
        },
        {
          "__metadata": {
            "type": "SP.KeyValue"
          },
          "Key": "SPS-WorkDayStartHour",
          "Value": "",
          "ValueType": "Edm.String"
        },
        {
          "__metadata": {
            "type": "SP.KeyValue"
          },
          "Key": "SPS-WorkDayEndHour",
          "Value": "",
          "ValueType": "Edm.String"
        },
        {
          "__metadata": {
            "type": "SP.KeyValue"
          },
          "Key": "SPS-Time24",
          "Value": "",
          "ValueType": "Edm.String"
        },
        {
          "__metadata": {
            "type": "SP.KeyValue"
          },
          "Key": "SPS-FirstDayOfWeek",
          "Value": "",
          "ValueType": "Edm.String"
        },
        {
          "__metadata": {
            "type": "SP.KeyValue"
          },
          "Key": "SPS-FirstWeekOfYear",
          "Value": "",
          "ValueType": "Edm.String"
        },
        {
          "__metadata": {
            "type": "SP.KeyValue"
          },
          "Key": "SPS-RegionalSettings-Initialized",
          "Value": "",
          "ValueType": "Edm.String"
        },
        {
          "__metadata": {
            "type": "SP.KeyValue"
          },
          "Key": "CountryName",
          "Value": "",
          "ValueType": "Edm.String"
        },
        {
          "__metadata": {
            "type": "SP.KeyValue"
          },
          "Key": "Country",
          "Value": "",
          "ValueType": "Edm.String"
        }
      ]
    }
  }
}