[{
    "id": 1,
    "imageUrl": "resources/images/480/wordlarge_01.png",
    "project_id": "BT123709",
    "project_name": "BT Proposal Document Version",
    "project_author": "AJ,JA Jabeer",
    "file_image": "resources/images/480/wordsmall_01.png",
    "file_type": "DOCX",
    "project_date": "07/03/2016",
    "project_time": "16:32:25"
}, {
    "id": 2,
    "imageUrl": "resources/images/480/pdflarge_01.png",
    "project_id": "BT123441",
    "project_name": "BT Proposal Document Version",
    "project_author": "John",
    "file_image": "resources/images/480/pdfsmall_01.png",
    "file_type": "PDF",
    "project_date": "25/07/2016",
    "project_time": "10:04:25"
}, {
    "id": 3,
    "imageUrl": "resources/images/480/wordlarge_01.png",
    "project_id": "BT123779",
    "project_name": "BT Proposal Document Version",
    "project_author": "AJ,JA Jabeer",
    "file_image": "resources/images/480/wordsmall_01.png",
    "file_type": "DOCX",
    "project_date": "12/05/2016",
    "project_time": "12:12:25"
}, {
    "id": 4,
    "imageUrl": "resources/images/480/pdflarge_01.png",
    "project_id": "BT123703",
    "project_name": "BT Proposal Document Version",
    "project_author": "John",
    "file_image": "resources/images/480/pdfsmall_01.png",
    "file_type": "PDF",
    "project_date": "15/02/2009",
    "project_time": "10:04:25"
}, {
    "id": 5,
    "imageUrl": "resources/images/480/wordlarge_01.png",
    "project_id": "BT123709",
    "project_name": "BT Proposal Document Version",
    "project_author": "AJ,JA Jabeer",
    "file_image": "resources/images/480/wordsmall_01.png",
    "file_type": "DOCX",
    "project_date": "07/03/2016",
    "project_time": "16:32:25"
}, {
    "id": 6,
    "imageUrl": "resources/images/480/pdflarge_01.png",
    "project_id": "BT123441",
    "project_name": "BT Proposal Document Version",
    "project_author": "John",
    "file_image": "resources/images/480/pdfsmall_01.png",
    "file_type": "PDF",
    "project_date": "25/07/2016",
    "project_time": "10:04:25"
}, {
    "id": 7,
    "imageUrl": "resources/images/480/wordlarge_01.png",
    "project_id": "BT123779",
    "project_name": "BT Proposal Document Version",
    "project_author": "AJ,JA Jabeer",
    "file_image": "resources/images/480/wordsmall_01.png",
    "file_type": "DOCX",
    "project_date": "12/05/2016",
    "project_time": "12:12:25"
}, {
    "id": 8,
    "imageUrl": "resources/images/480/pdflarge_01.png",
    "project_id": "BT123703",
    "project_name": "BT Proposal Document Version",
    "project_author": "John",
    "file_image": "resources/images/480/pdfsmall_01.png",
    "file_type": "PDF",
    "project_date": "15/02/2009",
    "project_time": "10:04:25"
}, {
    "id": 9,
    "imageUrl": "resources/images/480/pdflarge_01.png",
    "project_id": "BT123441",
    "project_name": "BT Proposal Document Version",
    "project_author": "John",
    "file_image": "resources/images/480/pdfsmall_01.png",
    "file_type": "PDF",
    "project_date": "25/07/2016",
    "project_time": "10:04:25"
}]
