{
  "d": {
    "__metadata": {
      "id": "Web/Lists(guid'5581423f-fb18-44e6-bc90-6b36848bf2de')/Items(418)",
      "uri": "http://santdev.bt.com/_api/Web/Lists(guid'5581423f-fb18-44e6-bc90-6b36848bf2de')/Items(418)",
      "etag": "\"28\"",
      "type": "SP.Data.SANTDocumentsItem"
    },
    "FirstUniqueAncestorSecurableObject": {
      "__deferred": {
        "uri": "http://santdev.bt.com/_api/Web/Lists(guid'5581423f-fb18-44e6-bc90-6b36848bf2de')/Items(418)/FirstUniqueAncestorSecurableObject"
      }
    },
    "RoleAssignments": {
      "__deferred": {
        "uri": "http://santdev.bt.com/_api/Web/Lists(guid'5581423f-fb18-44e6-bc90-6b36848bf2de')/Items(418)/RoleAssignments"
      }
    },
    "AttachmentFiles": {
      "__deferred": {
        "uri": "http://santdev.bt.com/_api/Web/Lists(guid'5581423f-fb18-44e6-bc90-6b36848bf2de')/Items(418)/AttachmentFiles"
      }
    },
    "ContentType": {
      "__deferred": {
        "uri": "http://santdev.bt.com/_api/Web/Lists(guid'5581423f-fb18-44e6-bc90-6b36848bf2de')/Items(418)/ContentType"
      }
    },
    "FieldValuesAsHtml": {
      "__deferred": {
        "uri": "http://santdev.bt.com/_api/Web/Lists(guid'5581423f-fb18-44e6-bc90-6b36848bf2de')/Items(418)/FieldValuesAsHtml"
      }
    },
    "FieldValuesAsText": {
      "__deferred": {
        "uri": "http://santdev.bt.com/_api/Web/Lists(guid'5581423f-fb18-44e6-bc90-6b36848bf2de')/Items(418)/FieldValuesAsText"
      }
    },
    "FieldValuesForEdit": {
      "__deferred": {
        "uri": "http://santdev.bt.com/_api/Web/Lists(guid'5581423f-fb18-44e6-bc90-6b36848bf2de')/Items(418)/FieldValuesForEdit"
      }
    },
    "File": {
      "__deferred": {
        "uri": "http://santdev.bt.com/_api/Web/Lists(guid'5581423f-fb18-44e6-bc90-6b36848bf2de')/Items(418)/File"
      }
    },
    "Folder": {
      "__deferred": {
        "uri": "http://santdev.bt.com/_api/Web/Lists(guid'5581423f-fb18-44e6-bc90-6b36848bf2de')/Items(418)/Folder"
      }
    },
    "ParentList": {
      "__deferred": {
        "uri": "http://santdev.bt.com/_api/Web/Lists(guid'5581423f-fb18-44e6-bc90-6b36848bf2de')/Items(418)/ParentList"
      }
    },
    "FileSystemObjectType": 0,
    "Id": 418,
    "ContentTypeId": "0x0101005EE7CA1C5FD03842800CBF14ECFF42AC",
    "Title": null,
    "DataItemGUID": "ee39771a-0fb7-4779-b577-b790d84b37ef",
    "AssignedToId": null,
    "DocumentDueDate": null,
    "DocumentExpiryDate": null,
    "OData__Status": null,
    "Value": null,
    "Comments": null,
    "DocumentTypeCategory": "Proposal",
    "DocumentType": "GS Proposal and Document Builder",
    "TeamName": null,
    "CloseProbability": null,
    "DocumentTemplateGUID": "1fc3acf2-69d9-4d85-b506-2dcb4499b3d8",
    "OData__dlc_DocId": "DOCWIZ-50-418",
    "OData__dlc_DocIdUrl": {
      "__metadata": {
        "type": "SP.FieldUrlValue"
      },
      "Description": "DOCWIZ-50-418",
      "Url": "http://santdev.bt.com/_layouts/15/DocIdRedir.aspx?ID=DOCWIZ-50-418"
    },
    "DocumentStatus": "Draft",
    "TemplateVersion": 7347,
    "DocumentTitle": "TestDoc123",
    "LoB": null,
    "AuthorId": 11,
    "DocumentSubType": null,
    "DocumentSubmissionDate0": null,
    "CloseDate0": null,
    "Last_x0020_Build_x0020_Date": "2016-08-22T13:24:08",
    "OpportunityStatus": null,
    "ProposalStatus": null,
    "ID": 418,
    "Created": "2016-08-22T13:04:53",
    "Modified": "2016-08-30T12:42:22",
    "EditorId": 1073741823,
    "OData__CopySource": null,
    "CheckoutUserId": null,
    "OData__UIVersionString": "28.0",
    "GUID": "425e161a-5fe9-447e-b298-47a473e100ad"
  }
}