[
  {
    "AccessibleTo": "6;#Sant Owners;#14;#SANT APP Owners;#8;#Sant Members;#265;#GS Users;#239;#Business and Public Sector Users;#267;#Service CAD SPT02ASG V",
    "DocumentTypeName": "GS Proposal and Document Builder",
    "DataItemGUID": "1fc3acf2-69d9-4d85-b506-2dcb4499b3d8",
    "ProjectType": "Proposal",
    "FileType": "MS-Word",
    "TemplateVersion": "7355"
  },
  {
    "AccessibleTo": "14;#SANT APP Owners",
    "DocumentTypeName": "BTB Proposal Builder",
    "DataItemGUID": "f55892c6-ec22-4234-b390-430e7ec5c5a3",
    "ProjectType": "Proposal",
    "FileType": "MS-Word",
    "TemplateVersion": "198"
  },
  {
    "AccessibleTo": "6;#Sant Owners;#8;#Sant Members;#325;#Contract Legal;#326;#Procurement Legal",
    "DocumentTypeName": "NDA Wizard (UK)",
    "DataItemGUID": "6cc142cb-a3fd-4080-bbcd-2ad0dbc94ce4",
    "ProjectType": "Non-Disclosure Agreements",
    "FileType": "MS-Word",
    "TemplateVersion": "113"
  },
  {
    "AccessibleTo": "6;#Sant Owners;#8;#Sant Members;#325;#Contract Legal;#326;#Procurement Legal",
    "DocumentTypeName": "NDA Wizard (AMEA)",
    "DataItemGUID": "94e0cba6-cfb1-4a47-acff-26a8929bc830",
    "ProjectType": "Non-Disclosure Agreements",
    "FileType": "MS-Word",
    "TemplateVersion": "429"
  },
  {
    "AccessibleTo": "6;#Sant Owners;#8;#Sant Members;#325;#Contract Legal;#326;#Procurement Legal",
    "DocumentTypeName": "NDA Wizard (US BT Entities)",
    "DataItemGUID": "70d691fc-eed1-43a5-bf71-a2b81a6e26b4",
    "ProjectType": "Non-Disclosure Agreements",
    "FileType": "MS-Word",
    "TemplateVersion": "116"
  },
  {
    "AccessibleTo": "6;#Sant Owners;#8;#Sant Members;#326;#Procurement Legal",
    "DocumentTypeName": "PRiSM Long Form Standard Contracts",
    "DataItemGUID": "053699a0-4b98-46a9-b2d6-e8969f9f5cf3",
    "ProjectType": "Procurement Contracts",
    "FileType": "MS-Word",
    "TemplateVersion": "1392"
  },
  {
    "AccessibleTo": "6;#Sant Owners;#8;#Sant Members;#326;#Procurement Legal",
    "DocumentTypeName": "PRiSM Short Form Contracts",
    "DataItemGUID": "860c1c4b-a59b-46f2-a4a1-c7ff9aa1827d",
    "ProjectType": "Procurement Contracts",
    "FileType": "MS-Word",
    "TemplateVersion": "87"
  },
  {
    "AccessibleTo": "6;#Sant Owners;#8;#Sant Members;#326;#Procurement Legal",
    "DocumentTypeName": "Agile Contract",
    "DataItemGUID": "97043150-792b-4561-96f5-879fc69b581b",
    "ProjectType": "Procurement Contracts",
    "FileType": "MS-Word",
    "TemplateVersion": "799"
  },
  {
    "AccessibleTo": "6;#Sant Owners;#325;#Contract Legal",
    "DocumentTypeName": "Legal PSA - USA Only",
    "DataItemGUID": "36ab1613-bc30-4eab-a7c0-d2e196c6bdb0",
    "ProjectType": "Sales Contracts",
    "FileType": "MS-Word",
    "TemplateVersion": "533"
  },
  {
    "AccessibleTo": "6;#Sant Owners;#325;#Contract Legal",
    "DocumentTypeName": "Platinum GT and Schedules",
    "DataItemGUID": "7a2d1af0-5b8c-4456-88fe-9997f61e7ea4",
    "ProjectType": "Sales Contracts",
    "FileType": "MS-Word",
    "TemplateVersion": "44"
  },
  {
    "AccessibleTo": "6;#Sant Owners;#357;#CCS Contract",
    "DocumentTypeName": "CCS Direct Award Order Form",
    "DataItemGUID": "1e17513e-7585-45a6-a6ce-5ddd9adc78fc",
    "ProjectType": "Sales Contracts",
    "FileType": "MS-Word",
    "TemplateVersion": "135"
  },
  {
    "AccessibleTo": "6;#Sant Owners",
    "DocumentTypeName": "Bulk Test",
    "DataItemGUID": "7f879a11-ac8d-4614-b335-2afcfa07996a",
    "ProjectType": "Proposal",
    "FileType": "MS-Word",
    "TemplateVersion": "10"
  }
]
