{
  "d": {
    "results": [
      {
        "__metadata": {
          "id": "Web/Lists(guid'805171da-341f-417e-b5b5-9e41922789ab')/Items(1097)",
          "uri": "http://santdev.bt.com/_api/Web/Lists(guid'805171da-341f-417e-b5b5-9e41922789ab')/Items(1097)",
          "etag": "\"6\"",
          "type": "SP.Data.RFP_x0020_QAListItem"
        },
        "Id": 1097,
        "RFPAnswers": "<div class=\"ExternalClass69BA667552D24A87AF4FB713E46110BB\"><div class=\"ExternalClassD13ACFD53B0341F580B77994F6E6B4B6\" style=\"text-align&#58;justify;\"><p>​<span lang=\"EN-US\"><strong><font size=\"3\"><font color=\"#55379b\"><font face=\"Calibri\"><span lang=\"EN-US\"><strong><font size=\"3\"><font color=\"#55379b\"><font face=\"Calibri\">BT </font></font></font></strong></span>Response</font></font></font></strong></span><font color=\"#000000\" face=\"Times New Roman\" size=\"3\"><br></font><span lang=\"EN-US\"><font size=\"3\"><font color=\"#55379b\"><font face=\"Calibri\">As a general principle, BT adopts standards at multiple levels. Some, such as quality standards are implemented at a group or business unit level, others such as UK government standards for codes of connection or the payment card industries standards are applicable for certain markets and contracts. Across all of these are sets of industry wide technical standards, such as the IETF for Ethernet and IP networking, which underpin our services, infrastructure andprocurement. </font></font></font></span></p><p class=\"BidResponseText\" style=\"margin&#58;6pt 0cm;\"><span lang=\"EN-US\"><font size=\"3\"><font color=\"#55379b\"><font face=\"Calibri\">In all cases we are committed to the appropriate adoption of the standards and in many cases, such as the UK PSN, we are heavily involved in the development and promotion of the standards.</font></font></font></span></p></div></div>",
        "RFPQuestion": "<div class=\"ExternalClassEFF56EDF57614EA7BF98393AC9498766\"><div>Details of&#160; Company accreditations (professional body accreditations and trade body accreditations but excluding awards)</div></div>",
        "ID": 1097
      },
      {
        "__metadata": {
          "id": "Web/Lists(guid'805171da-341f-417e-b5b5-9e41922789ab')/Items(1098)",
          "uri": "http://santdev.bt.com/_api/Web/Lists(guid'805171da-341f-417e-b5b5-9e41922789ab')/Items(1098)",
          "etag": "\"3\"",
          "type": "SP.Data.RFP_x0020_QAListItem"
        },
        "Id": 1098,
        "RFPAnswers": "<div class=\"ExternalClassEAFE808802374A6AB10B23D9A3AFEFE1\"><p><span lang=\"EN-US\"><strong><font size=\"3\"><font color=\"#55379b\"><font face=\"Calibri\">BT Response</font></font></font></strong></span><font color=\"#000000\" face=\"Times New Roman\" size=\"3\"><br></font><span lang=\"ES\"><font size=\"3\"><font color=\"#55379b\"><font face=\"Calibri\">LRQA - <a href=\"http&#58;//www.lrqa.com/\">http&#58;//www.lrqa.com/</a></font><a href=\"http&#58;//www.lrqa.com/\"></a></font><a href=\"http&#58;//www.lrqa.com/\"></a></font><a href=\"http&#58;//www.lrqa.com/\"></a></span><a href=\"http&#58;//www.lrqa.com/\"></a><span lang=\"EN-US\"><a href=\"http&#58;//www.lrqa.com/\"></a><font size=\"3\"><a href=\"http&#58;//www.lrqa.com/\"></a><font color=\"#55379b\"><a href=\"http&#58;//www.lrqa.com/\"></a><font face=\"Calibri\"></font></font></font></span></p><p class=\"BidResponseText\" style=\"margin&#58;6pt 0cm;\"><span lang=\"EN-US\"><font size=\"3\"><font color=\"#55379b\"><font face=\"Calibri\"><a href=\"http&#58;//www.lrqa.com/\">See</a>&#160;<a href=\"https&#58;//intra.bt.com/bt/Finance/internalaudit/QA/bids/Pages/index.aspx\">https&#58;//intra.bt.com/bt/Finance/internalaudit/QA/bids/Pages/index.aspx</a></font></font></font></span></p></div>",
        "RFPQuestion": "<div class=\"ExternalClass5783BB88ECD14C3381299BCBD7D68CFB\"><div>Who is BT’s Accreditation Body?</div></div>",
        "ID": 1098
      }
    ]
  }
}