[
  {
    "DataItemGUID": "e9e5b5a5-6280-471b-9594-0fe82772fbf2",
    "ParentDataItemGUID": "",
    "SequentialOrder": "1",
    "OptionalSectionSelected": "True",
    "IsSectionCompleted": "True",
    "Required": "True",
    "SectionPath": "/SANTDocumentTypes/GS Proposal and Document Builder/Initial Information",
    "PageUrl": ""
  },
  {
    "DataItemGUID": "9baa078f-033d-4929-b732-1bd017a4076a",
    "ParentDataItemGUID": "e9e5b5a5-6280-471b-9594-0fe82772fbf2",
    "SequentialOrder": "2",
    "OptionalSectionSelected": "True",
    "IsSectionCompleted": "True",
    "Required": "True",
    "SectionPath": "/SANTDocumentTypes/GS Proposal and Document Builder/Initial Information/Sender Information",
    "PageUrl": "/pages/dataentry.aspx?folderid=9baa078f-033d-4929-b732-1bd017a4076a&path=/SANTDocumentTypes/GS Proposal and Document Builder/Initial Information/Sender Information&templateid=1fc3acf2-69d9-4d85-b506-2dcb4499b3d8&documentid=Fauzi_MS_Test_2016-10-20-2&subdoctypeid=&userid=607569566"
  },
  {
    "DataItemGUID": "eda34337-f7f5-4c93-bae1-ad2f70a604f5",
    "ParentDataItemGUID": "e9e5b5a5-6280-471b-9594-0fe82772fbf2",
    "SequentialOrder": "3",
    "OptionalSectionSelected": "True",
    "IsSectionCompleted": "True",
    "Required": "True",
    "SectionPath": "/SANTDocumentTypes/GS Proposal and Document Builder/Initial Information/Customer Information",
    "PageUrl": "/pages/dataentry.aspx?folderid=eda34337-f7f5-4c93-bae1-ad2f70a604f5&path=/SANTDocumentTypes/GS Proposal and Document Builder/Initial Information/Customer Information&templateid=1fc3acf2-69d9-4d85-b506-2dcb4499b3d8&documentid=Fauzi_MS_Test_2016-10-20-2&subdoctypeid=&userid=607569566"
  },
  {
    "DataItemGUID": "574b1673-537d-44b4-8810-1b3191f3d612",
    "ParentDataItemGUID": "e9e5b5a5-6280-471b-9594-0fe82772fbf2",
    "SequentialOrder": "4",
    "OptionalSectionSelected": "True",
    "IsSectionCompleted": "True",
    "Required": "True",
    "SectionPath": "/SANTDocumentTypes/GS Proposal and Document Builder/Initial Information/Document Title",
    "PageUrl": "/pages/dataentry.aspx?folderid=574b1673-537d-44b4-8810-1b3191f3d612&path=/SANTDocumentTypes/GS Proposal and Document Builder/Initial Information/Document Title&templateid=1fc3acf2-69d9-4d85-b506-2dcb4499b3d8&documentid=Fauzi_MS_Test_2016-10-20-2&subdoctypeid=&userid=607569566"
  },
  {
    "DataItemGUID": "1ff64fb5-c539-4095-a2e1-3302cf7354e3",
    "ParentDataItemGUID": "e9e5b5a5-6280-471b-9594-0fe82772fbf2",
    "SequentialOrder": "5",
    "OptionalSectionSelected": "True",
    "IsSectionCompleted": "True",
    "Required": "True",
    "SectionPath": "/SANTDocumentTypes/GS Proposal and Document Builder/Initial Information/Submission Date",
    "PageUrl": "/pages/dataentry.aspx?folderid=1ff64fb5-c539-4095-a2e1-3302cf7354e3&path=/SANTDocumentTypes/GS Proposal and Document Builder/Initial Information/Submission Date&templateid=1fc3acf2-69d9-4d85-b506-2dcb4499b3d8&documentid=Fauzi_MS_Test_2016-10-20-2&subdoctypeid=&userid=607569566"
  },
  {
    "DataItemGUID": "b21b1060-67de-473c-aaa8-d18e61020504",
    "ParentDataItemGUID": "e9e5b5a5-6280-471b-9594-0fe82772fbf2",
    "SequentialOrder": "7",
    "OptionalSectionSelected": "True",
    "IsSectionCompleted": "True",
    "Required": "True",
    "SectionPath": "/SANTDocumentTypes/GS Proposal and Document Builder/Initial Information/Opportunity ID",
    "PageUrl": "/pages/dataentry.aspx?folderid=b21b1060-67de-473c-aaa8-d18e61020504&path=/SANTDocumentTypes/GS Proposal and Document Builder/Initial Information/Opportunity ID&templateid=1fc3acf2-69d9-4d85-b506-2dcb4499b3d8&documentid=Fauzi_MS_Test_2016-10-20-2&subdoctypeid=&userid=607569566"
  },
  {
    "DataItemGUID": "64fbdd7b-ff55-4ff4-a9e6-7c13c6330999",
    "ParentDataItemGUID": "",
    "SequentialOrder": "7",
    "OptionalSectionSelected": "False",
    "IsSectionCompleted": "False",
    "Required": "False",
    "SectionPath": "/SANTDocumentTypes/GS Proposal and Document Builder/Cover Letter",
    "PageUrl": "/pages/documenttemplates.aspx?folderid=64fbdd7b-ff55-4ff4-a9e6-7c13c6330999&path=/SANTDocumentTypes/GS Proposal and Document Builder/Cover Letter&templateid=1fc3acf2-69d9-4d85-b506-2dcb4499b3d8&documentid=Fauzi_MS_Test_2016-10-20-2&subdoctypeid=&userid=607569566"
  },
  {
    "DataItemGUID": "30879ef9-627e-46c5-a359-4ad09eed9be5",
    "ParentDataItemGUID": "",
    "SequentialOrder": "8",
    "OptionalSectionSelected": "False",
    "IsSectionCompleted": "False",
    "Required": "False",
    "SectionPath": "/SANTDocumentTypes/GS Proposal and Document Builder/Cover Page",
    "PageUrl": "/pages/documenttemplates.aspx?folderid=30879ef9-627e-46c5-a359-4ad09eed9be5&path=/SANTDocumentTypes/GS Proposal and Document Builder/Cover Page&templateid=1fc3acf2-69d9-4d85-b506-2dcb4499b3d8&documentid=Fauzi_MS_Test_2016-10-20-2&subdoctypeid=&userid=607569566"
  },
  {
    "DataItemGUID": "07918259-5bff-4198-849e-c5d08efbc87e",
    "ParentDataItemGUID": "",
    "SequentialOrder": "6",
    "OptionalSectionSelected": "True",
    "IsSectionCompleted": "True",
    "Required": "True",
    "SectionPath": "/SANTDocumentTypes/GS Proposal and Document Builder/Disclaimer Statements",
    "PageUrl": "/pages/documenttemplates.aspx?folderid=07918259-5bff-4198-849e-c5d08efbc87e&path=/SANTDocumentTypes/GS Proposal and Document Builder/Disclaimer Statements&templateid=1fc3acf2-69d9-4d85-b506-2dcb4499b3d8&documentid=Fauzi_MS_Test_2016-10-20-2&subdoctypeid=&userid=607569566"
  },
  {
    "DataItemGUID": "cd802384-1b1f-4758-be66-dd7302f7d7d6",
    "ParentDataItemGUID": "",
    "SequentialOrder": "10",
    "OptionalSectionSelected": "False",
    "IsSectionCompleted": "False",
    "Required": "False",
    "SectionPath": "/SANTDocumentTypes/GS Proposal and Document Builder/First Page Image",
    "PageUrl": "/pages/documenttemplates.aspx?folderid=cd802384-1b1f-4758-be66-dd7302f7d7d6&path=/SANTDocumentTypes/GS Proposal and Document Builder/First Page Image&templateid=1fc3acf2-69d9-4d85-b506-2dcb4499b3d8&documentid=Fauzi_MS_Test_2016-10-20-2&subdoctypeid=&userid=607569566"
  },
  {
    "DataItemGUID": "269af5ba-e1e3-4a54-ba09-181ab8dbc8f3",
    "ParentDataItemGUID": "",
    "SequentialOrder": "12",
    "OptionalSectionSelected": "False",
    "IsSectionCompleted": "False",
    "Required": "False",
    "SectionPath": "/SANTDocumentTypes/GS Proposal and Document Builder/Executive Summary",
    "PageUrl": ""
  },
  {
    "DataItemGUID": "98195b29-b45a-416c-b402-b12df651fc81",
    "ParentDataItemGUID": "269af5ba-e1e3-4a54-ba09-181ab8dbc8f3",
    "SequentialOrder": "13",
    "OptionalSectionSelected": "False",
    "IsSectionCompleted": "False",
    "Required": "False",
    "SectionPath": "/SANTDocumentTypes/GS Proposal and Document Builder/Executive Summary/Industries",
    "PageUrl": "/pages/documenttemplates.aspx?folderid=98195b29-b45a-416c-b402-b12df651fc81&path=/SANTDocumentTypes/GS Proposal and Document Builder/Executive Summary/Industries&templateid=1fc3acf2-69d9-4d85-b506-2dcb4499b3d8&documentid=Fauzi_MS_Test_2016-10-20-2&subdoctypeid=&userid=607569566"
  },
  {
    "DataItemGUID": "f96be291-7b23-48ca-a97b-ff98741c1f06",
    "ParentDataItemGUID": "269af5ba-e1e3-4a54-ba09-181ab8dbc8f3",
    "SequentialOrder": "14",
    "OptionalSectionSelected": "False",
    "IsSectionCompleted": "False",
    "Required": "False",
    "SectionPath": "/SANTDocumentTypes/GS Proposal and Document Builder/Executive Summary/Customer Business Needs",
    "PageUrl": "/pages/documenttemplates.aspx?folderid=f96be291-7b23-48ca-a97b-ff98741c1f06&path=/SANTDocumentTypes/GS Proposal and Document Builder/Executive Summary/Customer Business Needs&templateid=1fc3acf2-69d9-4d85-b506-2dcb4499b3d8&documentid=Fauzi_MS_Test_2016-10-20-2&subdoctypeid=&userid=607569566"
  },
  {
    "DataItemGUID": "0940e39e-fe73-49e0-a5bb-1e704191bd7a",
    "ParentDataItemGUID": "",
    "SequentialOrder": "15",
    "OptionalSectionSelected": "False",
    "IsSectionCompleted": "False",
    "Required": "False",
    "SectionPath": "/SANTDocumentTypes/GS Proposal and Document Builder/Solution",
    "PageUrl": ""
  },
  {
    "DataItemGUID": "ae33235b-6198-41e7-babb-f1a40e88c048",
    "ParentDataItemGUID": "0940e39e-fe73-49e0-a5bb-1e704191bd7a",
    "SequentialOrder": "16",
    "OptionalSectionSelected": "False",
    "IsSectionCompleted": "False",
    "Required": "False",
    "SectionPath": "/SANTDocumentTypes/GS Proposal and Document Builder/Solution/BT ADVISE",
    "PageUrl": "/pages/documenttemplates.aspx?folderid=ae33235b-6198-41e7-babb-f1a40e88c048&path=/SANTDocumentTypes/GS Proposal and Document Builder/Solution/BT ADVISE&templateid=1fc3acf2-69d9-4d85-b506-2dcb4499b3d8&documentid=Fauzi_MS_Test_2016-10-20-2&subdoctypeid=&userid=607569566"
  },
  {
    "DataItemGUID": "5f48f21a-1af9-4163-ba28-732a5705da46",
    "ParentDataItemGUID": "0940e39e-fe73-49e0-a5bb-1e704191bd7a",
    "SequentialOrder": "17",
    "OptionalSectionSelected": "False",
    "IsSectionCompleted": "False",
    "Required": "False",
    "SectionPath": "/SANTDocumentTypes/GS Proposal and Document Builder/Solution/BT ASSURE",
    "PageUrl": "/pages/documenttemplates.aspx?folderid=5f48f21a-1af9-4163-ba28-732a5705da46&path=/SANTDocumentTypes/GS Proposal and Document Builder/Solution/BT ASSURE&templateid=1fc3acf2-69d9-4d85-b506-2dcb4499b3d8&documentid=Fauzi_MS_Test_2016-10-20-2&subdoctypeid=&userid=607569566"
  },
  {
    "DataItemGUID": "8a800231-c208-4079-a8d7-42355bfa14a8",
    "ParentDataItemGUID": "0940e39e-fe73-49e0-a5bb-1e704191bd7a",
    "SequentialOrder": "18",
    "OptionalSectionSelected": "False",
    "IsSectionCompleted": "False",
    "Required": "False",
    "SectionPath": "/SANTDocumentTypes/GS Proposal and Document Builder/Solution/BT COMPUTE",
    "PageUrl": "/pages/documenttemplates.aspx?folderid=8a800231-c208-4079-a8d7-42355bfa14a8&path=/SANTDocumentTypes/GS Proposal and Document Builder/Solution/BT COMPUTE&templateid=1fc3acf2-69d9-4d85-b506-2dcb4499b3d8&documentid=Fauzi_MS_Test_2016-10-20-2&subdoctypeid=&userid=607569566"
  },
  {
    "DataItemGUID": "07305c50-db88-48c7-8ef2-c609dcc484d4",
    "ParentDataItemGUID": "0940e39e-fe73-49e0-a5bb-1e704191bd7a",
    "SequentialOrder": "19",
    "OptionalSectionSelected": "False",
    "IsSectionCompleted": "False",
    "Required": "False",
    "SectionPath": "/SANTDocumentTypes/GS Proposal and Document Builder/Solution/BT CONNECT",
    "PageUrl": "/pages/documenttemplates.aspx?folderid=07305c50-db88-48c7-8ef2-c609dcc484d4&path=/SANTDocumentTypes/GS Proposal and Document Builder/Solution/BT CONNECT&templateid=1fc3acf2-69d9-4d85-b506-2dcb4499b3d8&documentid=Fauzi_MS_Test_2016-10-20-2&subdoctypeid=&userid=607569566"
  },
  {
    "DataItemGUID": "470ba2b6-fd4b-4f3e-a759-69730133a9c8",
    "ParentDataItemGUID": "0940e39e-fe73-49e0-a5bb-1e704191bd7a",
    "SequentialOrder": "20",
    "OptionalSectionSelected": "False",
    "IsSectionCompleted": "False",
    "Required": "False",
    "SectionPath": "/SANTDocumentTypes/GS Proposal and Document Builder/Solution/BT CONTACT",
    "PageUrl": "/pages/documenttemplates.aspx?folderid=470ba2b6-fd4b-4f3e-a759-69730133a9c8&path=/SANTDocumentTypes/GS Proposal and Document Builder/Solution/BT CONTACT&templateid=1fc3acf2-69d9-4d85-b506-2dcb4499b3d8&documentid=Fauzi_MS_Test_2016-10-20-2&subdoctypeid=&userid=607569566"
  },
  {
    "DataItemGUID": "5ada218c-5ae7-4a73-b9f9-c281c2a74884",
    "ParentDataItemGUID": "0940e39e-fe73-49e0-a5bb-1e704191bd7a",
    "SequentialOrder": "21",
    "OptionalSectionSelected": "False",
    "IsSectionCompleted": "False",
    "Required": "False",
    "SectionPath": "/SANTDocumentTypes/GS Proposal and Document Builder/Solution/BT ONE (Including Mobile)",
    "PageUrl": "/pages/documenttemplates.aspx?folderid=5ada218c-5ae7-4a73-b9f9-c281c2a74884&path=/SANTDocumentTypes/GS Proposal and Document Builder/Solution/BT ONE (Including Mobile)&templateid=1fc3acf2-69d9-4d85-b506-2dcb4499b3d8&documentid=Fauzi_MS_Test_2016-10-20-2&subdoctypeid=&userid=607569566"
  },
  {
    "DataItemGUID": "27055d2d-9099-47fd-adcb-2e938aa83ca7",
    "ParentDataItemGUID": "0940e39e-fe73-49e0-a5bb-1e704191bd7a",
    "SequentialOrder": "22",
    "OptionalSectionSelected": "False",
    "IsSectionCompleted": "False",
    "Required": "False",
    "SectionPath": "/SANTDocumentTypes/GS Proposal and Document Builder/Solution/CALLS AND LINES UK (inc Value Added Services)",
    "PageUrl": "/pages/documenttemplates.aspx?folderid=27055d2d-9099-47fd-adcb-2e938aa83ca7&path=/SANTDocumentTypes/GS Proposal and Document Builder/Solution/CALLS AND LINES UK (inc Value Added Services)&templateid=1fc3acf2-69d9-4d85-b506-2dcb4499b3d8&documentid=Fauzi_MS_Test_2016-10-20-2&subdoctypeid=&userid=607569566"
  },
  {
    "DataItemGUID": "3b063537-25ca-4b74-9fe5-2a9165a5d178",
    "ParentDataItemGUID": "0940e39e-fe73-49e0-a5bb-1e704191bd7a",
    "SequentialOrder": "23",
    "OptionalSectionSelected": "False",
    "IsSectionCompleted": "False",
    "Required": "False",
    "SectionPath": "/SANTDocumentTypes/GS Proposal and Document Builder/Solution/CLOUD OF CLOUDS",
    "PageUrl": "/pages/documenttemplates.aspx?folderid=3b063537-25ca-4b74-9fe5-2a9165a5d178&path=/SANTDocumentTypes/GS Proposal and Document Builder/Solution/CLOUD OF CLOUDS&templateid=1fc3acf2-69d9-4d85-b506-2dcb4499b3d8&documentid=Fauzi_MS_Test_2016-10-20-2&subdoctypeid=&userid=607569566"
  },
  {
    "DataItemGUID": "73eff368-2b7b-458c-a14f-6fdb92448a17",
    "ParentDataItemGUID": "0940e39e-fe73-49e0-a5bb-1e704191bd7a",
    "SequentialOrder": "24",
    "OptionalSectionSelected": "False",
    "IsSectionCompleted": "False",
    "Required": "False",
    "SectionPath": "/SANTDocumentTypes/GS Proposal and Document Builder/Solution/MANAGED SERVICE FROM BT",
    "PageUrl": "/pages/documenttemplates.aspx?folderid=73eff368-2b7b-458c-a14f-6fdb92448a17&path=/SANTDocumentTypes/GS Proposal and Document Builder/Solution/MANAGED SERVICE FROM BT&templateid=1fc3acf2-69d9-4d85-b506-2dcb4499b3d8&documentid=Fauzi_MS_Test_2016-10-20-2&subdoctypeid=&userid=607569566"
  },
  {
    "DataItemGUID": "2cc1ad4c-c270-4f8f-a73e-d7b3e61a3e88",
    "ParentDataItemGUID": "0940e39e-fe73-49e0-a5bb-1e704191bd7a",
    "SequentialOrder": "25",
    "OptionalSectionSelected": "False",
    "IsSectionCompleted": "False",
    "Required": "False",
    "SectionPath": "/SANTDocumentTypes/GS Proposal and Document Builder/Solution/SUSTAINABILITY",
    "PageUrl": "/pages/documenttemplates.aspx?folderid=2cc1ad4c-c270-4f8f-a73e-d7b3e61a3e88&path=/SANTDocumentTypes/GS Proposal and Document Builder/Solution/SUSTAINABILITY&templateid=1fc3acf2-69d9-4d85-b506-2dcb4499b3d8&documentid=Fauzi_MS_Test_2016-10-20-2&subdoctypeid=&userid=607569566"
  },
  {
    "DataItemGUID": "f04b9678-f53d-41ca-a328-c8faf17f075c",
    "ParentDataItemGUID": "",
    "SequentialOrder": "27",
    "OptionalSectionSelected": "False",
    "IsSectionCompleted": "False",
    "Required": "False",
    "SectionPath": "/SANTDocumentTypes/GS Proposal and Document Builder/Case Studies",
    "PageUrl": ""
  },
  {
    "DataItemGUID": "50964f7d-9cdf-4706-b771-9303e3ba8086",
    "ParentDataItemGUID": "f04b9678-f53d-41ca-a328-c8faf17f075c",
    "SequentialOrder": "28",
    "OptionalSectionSelected": "False",
    "IsSectionCompleted": "False",
    "Required": "False",
    "SectionPath": "/SANTDocumentTypes/GS Proposal and Document Builder/Case Studies/Customer",
    "PageUrl": "/pages/documenttemplates.aspx?folderid=50964f7d-9cdf-4706-b771-9303e3ba8086&path=/SANTDocumentTypes/GS Proposal and Document Builder/Case Studies/Customer&templateid=1fc3acf2-69d9-4d85-b506-2dcb4499b3d8&documentid=Fauzi_MS_Test_2016-10-20-2&subdoctypeid=&userid=607569566"
  },
  {
    "DataItemGUID": "6238da78-c8b8-489d-9e77-9faf103d8338",
    "ParentDataItemGUID": "f04b9678-f53d-41ca-a328-c8faf17f075c",
    "SequentialOrder": "29",
    "OptionalSectionSelected": "False",
    "IsSectionCompleted": "False",
    "Required": "False",
    "SectionPath": "/SANTDocumentTypes/GS Proposal and Document Builder/Case Studies/Industry",
    "PageUrl": "/pages/documenttemplates.aspx?folderid=6238da78-c8b8-489d-9e77-9faf103d8338&path=/SANTDocumentTypes/GS Proposal and Document Builder/Case Studies/Industry&templateid=1fc3acf2-69d9-4d85-b506-2dcb4499b3d8&documentid=Fauzi_MS_Test_2016-10-20-2&subdoctypeid=&userid=607569566"
  },
  {
    "DataItemGUID": "99fd6751-5ef5-4c0e-8254-5fd18eefea33",
    "ParentDataItemGUID": "f04b9678-f53d-41ca-a328-c8faf17f075c",
    "SequentialOrder": "30",
    "OptionalSectionSelected": "False",
    "IsSectionCompleted": "False",
    "Required": "False",
    "SectionPath": "/SANTDocumentTypes/GS Proposal and Document Builder/Case Studies/Products and Services",
    "PageUrl": "/pages/documenttemplates.aspx?folderid=99fd6751-5ef5-4c0e-8254-5fd18eefea33&path=/SANTDocumentTypes/GS Proposal and Document Builder/Case Studies/Products and Services&templateid=1fc3acf2-69d9-4d85-b506-2dcb4499b3d8&documentid=Fauzi_MS_Test_2016-10-20-2&subdoctypeid=&userid=607569566"
  },
  {
    "DataItemGUID": "a619fa4c-9bf5-4305-9b16-eef8421bfe18",
    "ParentDataItemGUID": "f04b9678-f53d-41ca-a328-c8faf17f075c",
    "SequentialOrder": "31",
    "OptionalSectionSelected": "False",
    "IsSectionCompleted": "False",
    "Required": "False",
    "SectionPath": "/SANTDocumentTypes/GS Proposal and Document Builder/Case Studies/Region",
    "PageUrl": "/pages/documenttemplates.aspx?folderid=a619fa4c-9bf5-4305-9b16-eef8421bfe18&path=/SANTDocumentTypes/GS Proposal and Document Builder/Case Studies/Region&templateid=1fc3acf2-69d9-4d85-b506-2dcb4499b3d8&documentid=Fauzi_MS_Test_2016-10-20-2&subdoctypeid=&userid=607569566"
  },
  {
    "DataItemGUID": "8206924f-c0be-4b75-88e8-c0abd270ef77",
    "ParentDataItemGUID": "",
    "SequentialOrder": "32",
    "OptionalSectionSelected": "False",
    "IsSectionCompleted": "False",
    "Required": "False",
    "SectionPath": "/SANTDocumentTypes/GS Proposal and Document Builder/About BT - In Country",
    "PageUrl": "/pages/documenttemplates.aspx?folderid=8206924f-c0be-4b75-88e8-c0abd270ef77&path=/SANTDocumentTypes/GS Proposal and Document Builder/About BT - In Country&templateid=1fc3acf2-69d9-4d85-b506-2dcb4499b3d8&documentid=Fauzi_MS_Test_2016-10-20-2&subdoctypeid=&userid=607569566"
  },
  {
    "DataItemGUID": "9db61502-1a55-4bd6-834a-f2b594e8ba01",
    "ParentDataItemGUID": "",
    "SequentialOrder": "33",
    "OptionalSectionSelected": "False",
    "IsSectionCompleted": "False",
    "Required": "False",
    "SectionPath": "/SANTDocumentTypes/GS Proposal and Document Builder/Pricing",
    "PageUrl": "/pages/documenttemplates.aspx?folderid=9db61502-1a55-4bd6-834a-f2b594e8ba01&path=/SANTDocumentTypes/GS Proposal and Document Builder/Pricing&templateid=1fc3acf2-69d9-4d85-b506-2dcb4499b3d8&documentid=Fauzi_MS_Test_2016-10-20-2&subdoctypeid=&userid=607569566"
  },
  {
    "DataItemGUID": "7555aaab-7d4b-4654-abe5-02b097914227",
    "ParentDataItemGUID": "",
    "SequentialOrder": "34",
    "OptionalSectionSelected": "True",
    "IsSectionCompleted": "False",
    "Required": "False",
    "SectionPath": "/SANTDocumentTypes/GS Proposal and Document Builder/Awards",
    "PageUrl": "/pages/documenttemplates.aspx?folderid=7555aaab-7d4b-4654-abe5-02b097914227&path=/SANTDocumentTypes/GS Proposal and Document Builder/Awards&templateid=1fc3acf2-69d9-4d85-b506-2dcb4499b3d8&documentid=Fauzi_MS_Test_2016-10-20-2&subdoctypeid=&userid=607569566"
  },
  {
    "DataItemGUID": "c403f01b-68b7-4ada-bf4b-d60ea5ac356e",
    "ParentDataItemGUID": "",
    "SequentialOrder": "35",
    "OptionalSectionSelected": "True",
    "IsSectionCompleted": "False",
    "Required": "False",
    "SectionPath": "/SANTDocumentTypes/GS Proposal and Document Builder/Why BT",
    "PageUrl": "/pages/documenttemplates.aspx?folderid=c403f01b-68b7-4ada-bf4b-d60ea5ac356e&path=/SANTDocumentTypes/GS Proposal and Document Builder/Why BT&templateid=1fc3acf2-69d9-4d85-b506-2dcb4499b3d8&documentid=Fauzi_MS_Test_2016-10-20-2&subdoctypeid=&userid=607569566"
  },
  {
    "DataItemGUID": "76c01fdf-e66f-454b-84e4-7945ccf61cb8",
    "ParentDataItemGUID": "",
    "SequentialOrder": "36",
    "OptionalSectionSelected": "True",
    "IsSectionCompleted": "False",
    "Required": "False",
    "SectionPath": "/SANTDocumentTypes/GS Proposal and Document Builder/Next Steps",
    "PageUrl": "/pages/documenttemplates.aspx?folderid=76c01fdf-e66f-454b-84e4-7945ccf61cb8&path=/SANTDocumentTypes/GS Proposal and Document Builder/Next Steps&templateid=1fc3acf2-69d9-4d85-b506-2dcb4499b3d8&documentid=Fauzi_MS_Test_2016-10-20-2&subdoctypeid=&userid=607569566"
  },
  {
    "DataItemGUID": "181c2fb5-f979-4802-8c3a-c9bfc89a8c25",
    "ParentDataItemGUID": "",
    "SequentialOrder": "37",
    "OptionalSectionSelected": "True",
    "IsSectionCompleted": "False",
    "Required": "False",
    "SectionPath": "/SANTDocumentTypes/GS Proposal and Document Builder/Appendices",
    "PageUrl": "/pages/documenttemplates.aspx?folderid=181c2fb5-f979-4802-8c3a-c9bfc89a8c25&path=/SANTDocumentTypes/GS Proposal and Document Builder/Appendices&templateid=1fc3acf2-69d9-4d85-b506-2dcb4499b3d8&documentid=Fauzi_MS_Test_2016-10-20-2&subdoctypeid=&userid=607569566"
  }
]