{
  "d": {
    "__metadata": {
      "id": "Web/Lists(guid'5581423f-fb18-44e6-bc90-6b36848bf2de')/Items(455)",
      "uri": "http://santdev.bt.com/_api/Web/Lists(guid'5581423f-fb18-44e6-bc90-6b36848bf2de')/Items(455)",
      "etag": "\"2\"",
      "type": "SP.Data.SANTDocumentsItem"
    },
    "FirstUniqueAncestorSecurableObject": {
      "__deferred": {
        "uri": "http://santdev.bt.com/_api/Web/Lists(guid'5581423f-fb18-44e6-bc90-6b36848bf2de')/Items(455)/FirstUniqueAncestorSecurableObject"
      }
    },
    "RoleAssignments": {
      "__deferred": {
        "uri": "http://santdev.bt.com/_api/Web/Lists(guid'5581423f-fb18-44e6-bc90-6b36848bf2de')/Items(455)/RoleAssignments"
      }
    },
    "AttachmentFiles": {
      "__deferred": {
        "uri": "http://santdev.bt.com/_api/Web/Lists(guid'5581423f-fb18-44e6-bc90-6b36848bf2de')/Items(455)/AttachmentFiles"
      }
    },
    "ContentType": {
      "__deferred": {
        "uri": "http://santdev.bt.com/_api/Web/Lists(guid'5581423f-fb18-44e6-bc90-6b36848bf2de')/Items(455)/ContentType"
      }
    },
    "FieldValuesAsHtml": {
      "__deferred": {
        "uri": "http://santdev.bt.com/_api/Web/Lists(guid'5581423f-fb18-44e6-bc90-6b36848bf2de')/Items(455)/FieldValuesAsHtml"
      }
    },
    "FieldValuesAsText": {
      "__deferred": {
        "uri": "http://santdev.bt.com/_api/Web/Lists(guid'5581423f-fb18-44e6-bc90-6b36848bf2de')/Items(455)/FieldValuesAsText"
      }
    },
    "FieldValuesForEdit": {
      "__deferred": {
        "uri": "http://santdev.bt.com/_api/Web/Lists(guid'5581423f-fb18-44e6-bc90-6b36848bf2de')/Items(455)/FieldValuesForEdit"
      }
    },
    "File": {
      "__deferred": {
        "uri": "http://santdev.bt.com/_api/Web/Lists(guid'5581423f-fb18-44e6-bc90-6b36848bf2de')/Items(455)/File"
      }
    },
    "Folder": {
      "__deferred": {
        "uri": "http://santdev.bt.com/_api/Web/Lists(guid'5581423f-fb18-44e6-bc90-6b36848bf2de')/Items(455)/Folder"
      }
    },
    "ParentList": {
      "__deferred": {
        "uri": "http://santdev.bt.com/_api/Web/Lists(guid'5581423f-fb18-44e6-bc90-6b36848bf2de')/Items(455)/ParentList"
      }
    },
    "FileSystemObjectType": 0,
    "Id": 455,
    "ContentTypeId": "0x0101005EE7CA1C5FD03842800CBF14ECFF42AC",
    "Title": "Fauzi_MS_Test_2016-10-19-7",
    "DataItemGUID": "246881a6-c629-479c-8cbe-8d524be38b94",
    "AssignedToId": null,
    "DocumentDueDate": null,
    "DocumentExpiryDate": null,
    "OData__Status": null,
    "Value": null,
    "Comments": null,
    "DocumentTypeCategory": "Procurement Contracts",
    "DocumentType": "Agile Contract",
    "TeamName": null,
    "CloseProbability": null,
    "DocumentTemplateGUID": "97043150-792b-4561-96f5-879fc69b581b",
    "OData__dlc_DocId": "DOCWIZ-50-455",
    "OData__dlc_DocIdUrl": {
      "__metadata": {
        "type": "SP.FieldUrlValue"
      },
      "Description": "DOCWIZ-50-455",
      "Url": "http://santdev.bt.com/_layouts/15/DocIdRedir.aspx?ID=DOCWIZ-50-455"
    },
    "DocumentStatus": "Draft",
    "TemplateVersion": null,
    "DocumentTitle": "Fauzi_MS_Test_2016-10-19-7",
    "LoB": null,
    "AuthorId": 54,
    "DocumentSubType": "808ba2a6-2f73-4c7c-9699-7b6157e31edc",
    "DocumentSubmissionDate0": null,
    "CloseDate0": null,
    "Last_x0020_Build_x0020_Date": null,
    "OpportunityStatus": null,
    "ProposalStatus": null,
    "ID": 455,
    "Created": "2016-10-21T13:41:47Z",
    "Modified": "2016-10-21T13:41:49Z",
    "EditorId": 54,
    "OData__CopySource": null,
    "CheckoutUserId": null,
    "OData__UIVersionString": "2.0",
    "GUID": "0bd3b6f6-a079-4686-8f2d-25898a1b6a29"
  }
}
