[
  {
    "DropdownListName": "TeamName",
    "DisplayText": "N/A",
    "Value": "N/A"
  },
  {
    "DropdownListName": "OpportunityStatus",
    "DisplayText": "Draft",
    "Value": "Draft"
  },
  {
    "DropdownListName": "OpportunityStatus",
    "DisplayText": "Submitted",
    "Value": "Submitted"
  },
  {
    "DropdownListName": "OpportunityStatus",
    "DisplayText": "Approved",
    "Value": "Approved"
  },
  {
    "DropdownListName": "OpportunityStatus",
    "DisplayText": "Final",
    "Value": "Final"
  },
  {
    "DropdownListName": "ProposalStatus",
    "DisplayText": "Draft",
    "Value": "Draft"
  },
  {
    "DropdownListName": "ProposalStatus",
    "DisplayText": "Final",
    "Value": "Final"
  },
  {
    "DropdownListName": "Value",
    "DisplayText": "N/A",
    "Value": "N/A"
  }
]