{
  "d": {
    "results": [
      {
        "__metadata": {
          "id": "Web/Lists(guid'b2f97412-d26c-4b71-aadd-6727b00e49da')/Items(1)",
          "uri": "http://santdev.bt.com/_api/Web/Lists(guid'b2f97412-d26c-4b71-aadd-6727b00e49da')/Items(1)",
          "etag": "\"13\"",
          "type": "SP.Data.UsefulLinksListItem"
        },
        "Category": {
          "__metadata": {
            "id": "5af9cdca-c981-4c4e-a1a9-738e93972c3e",
            "type": "SP.Data.Link_x0020_CategoryListItem"
          },
          "Title": "Bid"
        },
        "Id": 1,
        "URL_x0020_Title": {
          "__metadata": {
            "type": "SP.FieldUrlValue"
          },
          "Description": "Virtual Bid Room",
          "Url": "https://office.bt.com/sites/GS_Bid/bid_publication/SitePages/Home.aspx"
        },
        "ID": 1
      },
      {
        "__metadata": {
          "id": "Web/Lists(guid'b2f97412-d26c-4b71-aadd-6727b00e49da')/Items(2)",
          "uri": "http://santdev.bt.com/_api/Web/Lists(guid'b2f97412-d26c-4b71-aadd-6727b00e49da')/Items(2)",
          "etag": "\"6\"",
          "type": "SP.Data.UsefulLinksListItem"
        },
        "Category": {
          "__metadata": {
            "id": "b5461a35-4b9d-42c9-b449-b652beee1d34",
            "type": "SP.Data.Link_x0020_CategoryListItem"
          },
          "Title": "Bid"
        },
        "Id": 2,
        "URL_x0020_Title": {
          "__metadata": {
            "type": "SP.FieldUrlValue"
          },
          "Description": "L&DG KM site",
          "Url": "https://intra.bt.com/bt/globalservices/business_units/regions/uk/government/knowledge/pages/pqq_information.aspx"
        },
        "ID": 2
      },
      {
        "__metadata": {
          "id": "Web/Lists(guid'b2f97412-d26c-4b71-aadd-6727b00e49da')/Items(3)",
          "uri": "http://santdev.bt.com/_api/Web/Lists(guid'b2f97412-d26c-4b71-aadd-6727b00e49da')/Items(3)",
          "etag": "\"7\"",
          "type": "SP.Data.UsefulLinksListItem"
        },
        "Category": {
          "__metadata": {
            "id": "62b77088-72ec-49bb-b089-557728baf5ae",
            "type": "SP.Data.Link_x0020_CategoryListItem"
          },
          "Title": "Bid"
        },
        "Id": 3,
        "URL_x0020_Title": {
          "__metadata": {
            "type": "SP.FieldUrlValue"
          },
          "Description": "L&DG Bid resource site",
          "Url": "https://office.bt.com/sites/psmarketing/Bid_Guide_Page/Shared%20Documents/index.html"
        },
        "ID": 3
      },
      {
        "__metadata": {
          "id": "Web/Lists(guid'b2f97412-d26c-4b71-aadd-6727b00e49da')/Items(4)",
          "uri": "http://santdev.bt.com/_api/Web/Lists(guid'b2f97412-d26c-4b71-aadd-6727b00e49da')/Items(4)",
          "etag": "\"17\"",
          "type": "SP.Data.UsefulLinksListItem"
        },
        "Category": {
          "__metadata": {
            "id": "471402ce-7c80-4255-8db6-66edefc725a9",
            "type": "SP.Data.Link_x0020_CategoryListItem"
          },
          "Title": "Sales - non UK"
        },
        "Id": 4,
        "URL_x0020_Title": {
          "__metadata": {
            "type": "SP.FieldUrlValue"
          },
          "Description": "German Sales Essentials",
          "Url": "https://intra.bt.com/bt/globalservices/salesportal/sales/de/sales_essentials/Pages/Angebots--und-Vertragsmodule-für-Neukunden.aspx"
        },
        "ID": 4
      },
      {
        "__metadata": {
          "id": "Web/Lists(guid'b2f97412-d26c-4b71-aadd-6727b00e49da')/Items(5)",
          "uri": "http://santdev.bt.com/_api/Web/Lists(guid'b2f97412-d26c-4b71-aadd-6727b00e49da')/Items(5)",
          "etag": "\"7\"",
          "type": "SP.Data.UsefulLinksListItem"
        },
        "Category": {
          "__metadata": {
            "id": "3362a964-b1e3-41ac-a63c-4a90e1f04d34",
            "type": "SP.Data.Link_x0020_CategoryListItem"
          },
          "Title": "Bid"
        },
        "Id": 5,
        "URL_x0020_Title": {
          "__metadata": {
            "type": "SP.FieldUrlValue"
          },
          "Description": "L&DG & Health Knowledge Management",
          "Url": "https://intra.bt.com/bt/globalservices/business_units/regions/uk/government/knowledge/pages/index.aspx"
        },
        "ID": 5
      },
      {
        "__metadata": {
          "id": "Web/Lists(guid'b2f97412-d26c-4b71-aadd-6727b00e49da')/Items(6)",
          "uri": "http://santdev.bt.com/_api/Web/Lists(guid'b2f97412-d26c-4b71-aadd-6727b00e49da')/Items(6)",
          "etag": "\"6\"",
          "type": "SP.Data.UsefulLinksListItem"
        },
        "Category": {
          "__metadata": {
            "id": "644210d4-b6e9-438b-9fdc-80a0acabd170",
            "type": "SP.Data.Link_x0020_CategoryListItem"
          },
          "Title": "Proposal Writing"
        },
        "Id": 6,
        "URL_x0020_Title": {
          "__metadata": {
            "type": "SP.FieldUrlValue"
          },
          "Description": "‘Writing Better Bids’ Workshop",
          "Url": "https://office.bt.com/sites/GS_Bid/bid_publication/SitePages/Write%20a%20Winning%20Bid.aspx"
        },
        "ID": 6
      },
      {
        "__metadata": {
          "id": "Web/Lists(guid'b2f97412-d26c-4b71-aadd-6727b00e49da')/Items(7)",
          "uri": "http://santdev.bt.com/_api/Web/Lists(guid'b2f97412-d26c-4b71-aadd-6727b00e49da')/Items(7)",
          "etag": "\"8\"",
          "type": "SP.Data.UsefulLinksListItem"
        },
        "Category": {
          "__metadata": {
            "id": "a2d03b31-638e-4a93-8963-7ec626efb0d3",
            "type": "SP.Data.Link_x0020_CategoryListItem"
          },
          "Title": "Bid"
        },
        "Id": 7,
        "URL_x0020_Title": {
          "__metadata": {
            "type": "SP.FieldUrlValue"
          },
          "Description": "21st Century Proposal Delivery",
          "Url": "https://office.bt.com/sites/GS_Bid/bid_publication/SitePages/21CProposal.aspx"
        },
        "ID": 7
      },
      {
        "__metadata": {
          "id": "Web/Lists(guid'b2f97412-d26c-4b71-aadd-6727b00e49da')/Items(8)",
          "uri": "http://santdev.bt.com/_api/Web/Lists(guid'b2f97412-d26c-4b71-aadd-6727b00e49da')/Items(8)",
          "etag": "\"7\"",
          "type": "SP.Data.UsefulLinksListItem"
        },
        "Category": {
          "__metadata": {
            "id": "f394bb53-7f01-4c22-9e70-c5c802730774",
            "type": "SP.Data.Link_x0020_CategoryListItem"
          },
          "Title": "Proposal Writing"
        },
        "Id": 8,
        "URL_x0020_Title": {
          "__metadata": {
            "type": "SP.FieldUrlValue"
          },
          "Description": "Bid Writing Hints and Tips",
          "Url": "https://office.bt.com/sites/GS_Bid/bid_publication/SitePages/Writing%20Hints%20and%20Tips.aspx"
        },
        "ID": 8
      },
      {
        "__metadata": {
          "id": "Web/Lists(guid'b2f97412-d26c-4b71-aadd-6727b00e49da')/Items(9)",
          "uri": "http://santdev.bt.com/_api/Web/Lists(guid'b2f97412-d26c-4b71-aadd-6727b00e49da')/Items(9)",
          "etag": "\"6\"",
          "type": "SP.Data.UsefulLinksListItem"
        },
        "Category": {
          "__metadata": {
            "id": "998aa007-5cd8-4aca-a0e7-7d5cfe677c67",
            "type": "SP.Data.Link_x0020_CategoryListItem"
          },
          "Title": "Bid"
        },
        "Id": 9,
        "URL_x0020_Title": {
          "__metadata": {
            "type": "SP.FieldUrlValue"
          },
          "Description": "PQQ Toolkit",
          "Url": "https://intra.bt.com/bt/globalservices/business_units/support_functions/coo/Pages/PQQ-Toolkit.aspx"
        },
        "ID": 9
      },
      {
        "__metadata": {
          "id": "Web/Lists(guid'b2f97412-d26c-4b71-aadd-6727b00e49da')/Items(10)",
          "uri": "http://santdev.bt.com/_api/Web/Lists(guid'b2f97412-d26c-4b71-aadd-6727b00e49da')/Items(10)",
          "etag": "\"9\"",
          "type": "SP.Data.UsefulLinksListItem"
        },
        "Category": {
          "__metadata": {
            "id": "03b36e9e-5fad-4791-a217-338c511b4686",
            "type": "SP.Data.Link_x0020_CategoryListItem"
          },
          "Title": "Bid"
        },
        "Id": 10,
        "URL_x0020_Title": {
          "__metadata": {
            "type": "SP.FieldUrlValue"
          },
          "Description": "PSN - Public Services network",
          "Url": "https://office.bt.com/sites/PSNBids/SitePages/Home.aspx"
        },
        "ID": 10
      },
      {
        "__metadata": {
          "id": "Web/Lists(guid'b2f97412-d26c-4b71-aadd-6727b00e49da')/Items(11)",
          "uri": "http://santdev.bt.com/_api/Web/Lists(guid'b2f97412-d26c-4b71-aadd-6727b00e49da')/Items(11)",
          "etag": "\"11\"",
          "type": "SP.Data.UsefulLinksListItem"
        },
        "Category": {
          "__metadata": {
            "id": "711c16d5-ddbc-47ca-9739-a3ab47767be1",
            "type": "SP.Data.Link_x0020_CategoryListItem"
          },
          "Title": "Bid"
        },
        "Id": 11,
        "URL_x0020_Title": {
          "__metadata": {
            "type": "SP.FieldUrlValue"
          },
          "Description": "Echelon",
          "Url": "https://office.bt.com/sites/BidVault/Bid%20Vault/Forms/Echelon.aspx"
        },
        "ID": 11
      },
      {
        "__metadata": {
          "id": "Web/Lists(guid'b2f97412-d26c-4b71-aadd-6727b00e49da')/Items(12)",
          "uri": "http://santdev.bt.com/_api/Web/Lists(guid'b2f97412-d26c-4b71-aadd-6727b00e49da')/Items(12)",
          "etag": "\"6\"",
          "type": "SP.Data.UsefulLinksListItem"
        },
        "Category": {
          "__metadata": {
            "id": "411d726f-22af-4e81-98a8-6e7c1e6ab4a7",
            "type": "SP.Data.Link_x0020_CategoryListItem"
          },
          "Title": "Proposal Writing"
        },
        "Id": 12,
        "URL_x0020_Title": {
          "__metadata": {
            "type": "SP.FieldUrlValue"
          },
          "Description": "Proposal Writing Guidance",
          "Url": "https://intra.bt.com/bt/globalservices/salesportal/sales/sant/Pages/Proposal-Writing.aspx"
        },
        "ID": 12
      },
      {
        "__metadata": {
          "id": "Web/Lists(guid'b2f97412-d26c-4b71-aadd-6727b00e49da')/Items(13)",
          "uri": "http://santdev.bt.com/_api/Web/Lists(guid'b2f97412-d26c-4b71-aadd-6727b00e49da')/Items(13)",
          "etag": "\"9\"",
          "type": "SP.Data.UsefulLinksListItem"
        },
        "Category": {
          "__metadata": {
            "id": "81376e82-a4c6-44a5-8489-e263439dfab1",
            "type": "SP.Data.Link_x0020_CategoryListItem"
          },
          "Title": "Sales"
        },
        "Id": 13,
        "URL_x0020_Title": {
          "__metadata": {
            "type": "SP.FieldUrlValue"
          },
          "Description": "Sales Portal",
          "Url": "https://officeapp.bt.com/sites/gsintranet/Salesandportfolio/SalesAndPortfolioPages/Index_old.aspx"
        },
        "ID": 13
      },
      {
        "__metadata": {
          "id": "Web/Lists(guid'b2f97412-d26c-4b71-aadd-6727b00e49da')/Items(14)",
          "uri": "http://santdev.bt.com/_api/Web/Lists(guid'b2f97412-d26c-4b71-aadd-6727b00e49da')/Items(14)",
          "etag": "\"7\"",
          "type": "SP.Data.UsefulLinksListItem"
        },
        "Category": {
          "__metadata": {
            "id": "8b50645e-e930-4a90-a44c-6749c7ff1168",
            "type": "SP.Data.Link_x0020_CategoryListItem"
          },
          "Title": "Sales"
        },
        "Id": 14,
        "URL_x0020_Title": {
          "__metadata": {
            "type": "SP.FieldUrlValue"
          },
          "Description": "Sales  Journey Navigator",
          "Url": "https://office.bt.com/sites/STI/Portfolio_Support_tool/SitePages/Home.aspx"
        },
        "ID": 14
      },
      {
        "__metadata": {
          "id": "Web/Lists(guid'b2f97412-d26c-4b71-aadd-6727b00e49da')/Items(16)",
          "uri": "http://santdev.bt.com/_api/Web/Lists(guid'b2f97412-d26c-4b71-aadd-6727b00e49da')/Items(16)",
          "etag": "\"15\"",
          "type": "SP.Data.UsefulLinksListItem"
        },
        "Category": {
          "__metadata": {
            "id": "b2d52131-1170-43a0-bfa2-a50013d90f6c",
            "type": "SP.Data.Link_x0020_CategoryListItem"
          },
          "Title": "Insight and Analytics"
        },
        "Id": 16,
        "URL_x0020_Title": {
          "__metadata": {
            "type": "SP.FieldUrlValue"
          },
          "Description": "Global Insight and Analytics",
          "Url": "https://intra.bt.com/bt/globalservices/salesportal/sales/insight/Pages/index.aspx"
        },
        "ID": 16
      },
      {
        "__metadata": {
          "id": "Web/Lists(guid'b2f97412-d26c-4b71-aadd-6727b00e49da')/Items(17)",
          "uri": "http://santdev.bt.com/_api/Web/Lists(guid'b2f97412-d26c-4b71-aadd-6727b00e49da')/Items(17)",
          "etag": "\"9\"",
          "type": "SP.Data.UsefulLinksListItem"
        },
        "Category": {
          "__metadata": {
            "id": "c01952f2-b4dd-44ae-a3a6-8f6fedffc672",
            "type": "SP.Data.Link_x0020_CategoryListItem"
          },
          "Title": "Insight and Analytics"
        },
        "Id": 17,
        "URL_x0020_Title": {
          "__metadata": {
            "type": "SP.FieldUrlValue"
          },
          "Description": "Competitor Insight",
          "Url": "https://intra.bt.com/bt/globalservices/salesportal/sales/insight/UK_Insight/Pages/By_Competitor.aspx"
        },
        "ID": 17
      },
      {
        "__metadata": {
          "id": "Web/Lists(guid'b2f97412-d26c-4b71-aadd-6727b00e49da')/Items(18)",
          "uri": "http://santdev.bt.com/_api/Web/Lists(guid'b2f97412-d26c-4b71-aadd-6727b00e49da')/Items(18)",
          "etag": "\"11\"",
          "type": "SP.Data.UsefulLinksListItem"
        },
        "Category": {
          "__metadata": {
            "id": "7c32b886-7716-42b8-91f4-fc497e6722a6",
            "type": "SP.Data.Link_x0020_CategoryListItem"
          },
          "Title": "Bid"
        },
        "Id": 18,
        "URL_x0020_Title": {
          "__metadata": {
            "type": "SP.FieldUrlValue"
          },
          "Description": "Bid Vault",
          "Url": "https://office1.bt.com/sites/BidVault/SitePages/Home.aspx"
        },
        "ID": 18
      },
      {
        "__metadata": {
          "id": "Web/Lists(guid'b2f97412-d26c-4b71-aadd-6727b00e49da')/Items(22)",
          "uri": "http://santdev.bt.com/_api/Web/Lists(guid'b2f97412-d26c-4b71-aadd-6727b00e49da')/Items(22)",
          "etag": "\"9\"",
          "type": "SP.Data.UsefulLinksListItem"
        },
        "Category": {
          "__metadata": {
            "id": "652129ea-e821-4b0a-84b3-1c481cbd02ee",
            "type": "SP.Data.Link_x0020_CategoryListItem"
          },
          "Title": "Sales"
        },
        "Id": 22,
        "URL_x0020_Title": {
          "__metadata": {
            "type": "SP.FieldUrlValue"
          },
          "Description": "Art of Connecting",
          "Url": "http://www.globalservices.bt.com/uk/en/whybt/art-of-connecting"
        },
        "ID": 22
      },
      {
        "__metadata": {
          "id": "Web/Lists(guid'b2f97412-d26c-4b71-aadd-6727b00e49da')/Items(23)",
          "uri": "http://santdev.bt.com/_api/Web/Lists(guid'b2f97412-d26c-4b71-aadd-6727b00e49da')/Items(23)",
          "etag": "\"7\"",
          "type": "SP.Data.UsefulLinksListItem"
        },
        "Category": {
          "__metadata": {
            "id": "2a733a76-1ec9-48f7-80bc-29807b0932e8",
            "type": "SP.Data.Link_x0020_CategoryListItem"
          },
          "Title": "Sales"
        },
        "Id": 23,
        "URL_x0020_Title": {
          "__metadata": {
            "type": "SP.FieldUrlValue"
          },
          "Description": "GS Marcomms Library",
          "Url": "http://marcommslibrary.globalservices.bt.com/login.aspx?expired=true&fromurl=/default2.aspx&"
        },
        "ID": 23
      },
      {
        "__metadata": {
          "id": "Web/Lists(guid'b2f97412-d26c-4b71-aadd-6727b00e49da')/Items(24)",
          "uri": "http://santdev.bt.com/_api/Web/Lists(guid'b2f97412-d26c-4b71-aadd-6727b00e49da')/Items(24)",
          "etag": "\"6\"",
          "type": "SP.Data.UsefulLinksListItem"
        },
        "Category": {
          "__metadata": {
            "id": "0bdebd09-6144-46fe-b650-af6fca59f3c0",
            "type": "SP.Data.Link_x0020_CategoryListItem"
          },
          "Title": "Bid"
        },
        "Id": 24,
        "URL_x0020_Title": {
          "__metadata": {
            "type": "SP.FieldUrlValue"
          },
          "Description": "GS Marcomms Library",
          "Url": "http://marcommslibrary.globalservices.bt.com/login.aspx?expired=true&fromurl=/default2.aspx&"
        },
        "ID": 24
      },
      {
        "__metadata": {
          "id": "Web/Lists(guid'b2f97412-d26c-4b71-aadd-6727b00e49da')/Items(25)",
          "uri": "http://santdev.bt.com/_api/Web/Lists(guid'b2f97412-d26c-4b71-aadd-6727b00e49da')/Items(25)",
          "etag": "\"11\"",
          "type": "SP.Data.UsefulLinksListItem"
        },
        "Category": {
          "__metadata": {
            "id": "0ef018a0-e77f-4868-8a2a-8f1b3f3670d7",
            "type": "SP.Data.Link_x0020_CategoryListItem"
          },
          "Title": "Sales"
        },
        "Id": 25,
        "URL_x0020_Title": {
          "__metadata": {
            "type": "SP.FieldUrlValue"
          },
          "Description": "Wizkit",
          "Url": "https://intra.bt.com/bt/globalservices/salesportal/sales/wizkit/pages/index.aspx"
        },
        "ID": 25
      },
      {
        "__metadata": {
          "id": "Web/Lists(guid'b2f97412-d26c-4b71-aadd-6727b00e49da')/Items(26)",
          "uri": "http://santdev.bt.com/_api/Web/Lists(guid'b2f97412-d26c-4b71-aadd-6727b00e49da')/Items(26)",
          "etag": "\"2\"",
          "type": "SP.Data.UsefulLinksListItem"
        },
        "Category": {
          "__metadata": {
            "id": "6a0fe303-645e-4d3b-820c-5162080db57f",
            "type": "SP.Data.Link_x0020_CategoryListItem"
          },
          "Title": "Proposal Writing"
        },
        "Id": 26,
        "URL_x0020_Title": {
          "__metadata": {
            "type": "SP.FieldUrlValue"
          },
          "Description": "BT Tone of Voice",
          "Url": "http://www.btbrand.bt.com/Brandtalk/index.htm"
        },
        "ID": 26
      },
      {
        "__metadata": {
          "id": "Web/Lists(guid'b2f97412-d26c-4b71-aadd-6727b00e49da')/Items(27)",
          "uri": "http://santdev.bt.com/_api/Web/Lists(guid'b2f97412-d26c-4b71-aadd-6727b00e49da')/Items(27)",
          "etag": "\"9\"",
          "type": "SP.Data.UsefulLinksListItem"
        },
        "Category": {
          "__metadata": {
            "id": "9ec9a8af-c95f-47f6-bcf0-ae20ea97fad3",
            "type": "SP.Data.Link_x0020_CategoryListItem"
          },
          "Title": "Bid"
        },
        "Id": 27,
        "URL_x0020_Title": {
          "__metadata": {
            "type": "SP.FieldUrlValue"
          },
          "Description": "Global Bid Management",
          "Url": "https://office.bt.com/sites/GS_Bid/SitePages/Home.aspx"
        },
        "ID": 27
      },
      {
        "__metadata": {
          "id": "Web/Lists(guid'b2f97412-d26c-4b71-aadd-6727b00e49da')/Items(28)",
          "uri": "http://santdev.bt.com/_api/Web/Lists(guid'b2f97412-d26c-4b71-aadd-6727b00e49da')/Items(28)",
          "etag": "\"8\"",
          "type": "SP.Data.UsefulLinksListItem"
        },
        "Category": {
          "__metadata": {
            "id": "359df0e4-4102-41f6-bee7-3012e615a86a",
            "type": "SP.Data.Link_x0020_CategoryListItem"
          },
          "Title": "Sales"
        },
        "Id": 28,
        "URL_x0020_Title": {
          "__metadata": {
            "type": "SP.FieldUrlValue"
          },
          "Description": "GS Factpack",
          "Url": "https://office.bt.com/sites/IClog/London%202012/CEO/btgs_factpack.pptx"
        },
        "ID": 28
      },
      {
        "__metadata": {
          "id": "Web/Lists(guid'b2f97412-d26c-4b71-aadd-6727b00e49da')/Items(29)",
          "uri": "http://santdev.bt.com/_api/Web/Lists(guid'b2f97412-d26c-4b71-aadd-6727b00e49da')/Items(29)",
          "etag": "\"6\"",
          "type": "SP.Data.UsefulLinksListItem"
        },
        "Category": {
          "__metadata": {
            "id": "ebcc631c-8529-48d1-9263-0f98b007f9e6",
            "type": "SP.Data.Link_x0020_CategoryListItem"
          },
          "Title": "Bid"
        },
        "Id": 29,
        "URL_x0020_Title": {
          "__metadata": {
            "type": "SP.FieldUrlValue"
          },
          "Description": "Product Manager List",
          "Url": "https://office.bt.com/sites/STI/Portfolio_Support_tool/Lists/SalesJourneyProductManagers/AllItems.aspx"
        },
        "ID": 29
      },
      {
        "__metadata": {
          "id": "Web/Lists(guid'b2f97412-d26c-4b71-aadd-6727b00e49da')/Items(30)",
          "uri": "http://santdev.bt.com/_api/Web/Lists(guid'b2f97412-d26c-4b71-aadd-6727b00e49da')/Items(30)",
          "etag": "\"14\"",
          "type": "SP.Data.UsefulLinksListItem"
        },
        "Category": {
          "__metadata": {
            "id": "57d57418-847b-464c-8b26-c98b2912a62d",
            "type": "SP.Data.Link_x0020_CategoryListItem"
          },
          "Title": "Bid"
        },
        "Id": 30,
        "URL_x0020_Title": {
          "__metadata": {
            "type": "SP.FieldUrlValue"
          },
          "Description": "Annual Report",
          "Url": "http://www.btplc.com/Sharesandperformance/Annualreportandreview/index.cfm"
        },
        "ID": 30
      },
      {
        "__metadata": {
          "id": "Web/Lists(guid'b2f97412-d26c-4b71-aadd-6727b00e49da')/Items(31)",
          "uri": "http://santdev.bt.com/_api/Web/Lists(guid'b2f97412-d26c-4b71-aadd-6727b00e49da')/Items(31)",
          "etag": "\"11\"",
          "type": "SP.Data.UsefulLinksListItem"
        },
        "Category": {
          "__metadata": {
            "id": "5053a922-2bb7-45f6-b2c5-79c8aec96e51",
            "type": "SP.Data.Link_x0020_CategoryListItem"
          },
          "Title": "Sales"
        },
        "Id": 31,
        "URL_x0020_Title": {
          "__metadata": {
            "type": "SP.FieldUrlValue"
          },
          "Description": "Manged Service from BT",
          "Url": "https://intra.bt.com/bt/globalservices/salesportal/products/Managed%20Service%20from%20BT/Pages/index.aspx"
        },
        "ID": 31
      },
      {
        "__metadata": {
          "id": "Web/Lists(guid'b2f97412-d26c-4b71-aadd-6727b00e49da')/Items(33)",
          "uri": "http://santdev.bt.com/_api/Web/Lists(guid'b2f97412-d26c-4b71-aadd-6727b00e49da')/Items(33)",
          "etag": "\"7\"",
          "type": "SP.Data.UsefulLinksListItem"
        },
        "Category": {
          "__metadata": {
            "id": "12d4c94b-3ca7-484e-9f7b-fc4c3f4e3fa9",
            "type": "SP.Data.Link_x0020_CategoryListItem"
          },
          "Title": "Sales"
        },
        "Id": 33,
        "URL_x0020_Title": {
          "__metadata": {
            "type": "SP.FieldUrlValue"
          },
          "Description": "Case Studies",
          "Url": "http://www.globalservices.bt.com/uk/en/casestudy"
        },
        "ID": 33
      },
      {
        "__metadata": {
          "id": "Web/Lists(guid'b2f97412-d26c-4b71-aadd-6727b00e49da')/Items(34)",
          "uri": "http://santdev.bt.com/_api/Web/Lists(guid'b2f97412-d26c-4b71-aadd-6727b00e49da')/Items(34)",
          "etag": "\"14\"",
          "type": "SP.Data.UsefulLinksListItem"
        },
        "Category": {
          "__metadata": {
            "id": "6019c386-311f-4066-b6fb-3a50cf6b378c",
            "type": "SP.Data.Link_x0020_CategoryListItem"
          },
          "Title": "Sales"
        },
        "Id": 34,
        "URL_x0020_Title": {
          "__metadata": {
            "type": "SP.FieldUrlValue"
          },
          "Description": "GS Internet page",
          "Url": "http://www.globalservices.bt.com/uk/en/home"
        },
        "ID": 34
      },
      {
        "__metadata": {
          "id": "Web/Lists(guid'b2f97412-d26c-4b71-aadd-6727b00e49da')/Items(35)",
          "uri": "http://santdev.bt.com/_api/Web/Lists(guid'b2f97412-d26c-4b71-aadd-6727b00e49da')/Items(35)",
          "etag": "\"6\"",
          "type": "SP.Data.UsefulLinksListItem"
        },
        "Category": {
          "__metadata": {
            "id": "50d83c2c-9617-4848-b89f-2af3dd12c1d8",
            "type": "SP.Data.Link_x0020_CategoryListItem"
          },
          "Title": "Pricing"
        },
        "Id": 35,
        "URL_x0020_Title": {
          "__metadata": {
            "type": "SP.FieldUrlValue"
          },
          "Description": "SQE",
          "Url": "https://intra.bt.com/bt/globalservices/salesportal/sales/sales_tools_portal/sqe/Pages/index.aspx"
        },
        "ID": 35
      },
      {
        "__metadata": {
          "id": "Web/Lists(guid'b2f97412-d26c-4b71-aadd-6727b00e49da')/Items(36)",
          "uri": "http://santdev.bt.com/_api/Web/Lists(guid'b2f97412-d26c-4b71-aadd-6727b00e49da')/Items(36)",
          "etag": "\"2\"",
          "type": "SP.Data.UsefulLinksListItem"
        },
        "Category": {
          "__metadata": {
            "id": "09d77786-5145-4420-8eb2-b5c20f7217a0",
            "type": "SP.Data.Link_x0020_CategoryListItem"
          },
          "Title": "Bid"
        },
        "Id": 36,
        "URL_x0020_Title": {
          "__metadata": {
            "type": "SP.FieldUrlValue"
          },
          "Description": "Bid Point",
          "Url": "https://office.bt.com/sites/gs_bidsite_km/SitePages/Home.aspx"
        },
        "ID": 36
      },
      {
        "__metadata": {
          "id": "Web/Lists(guid'b2f97412-d26c-4b71-aadd-6727b00e49da')/Items(37)",
          "uri": "http://santdev.bt.com/_api/Web/Lists(guid'b2f97412-d26c-4b71-aadd-6727b00e49da')/Items(37)",
          "etag": "\"2\"",
          "type": "SP.Data.UsefulLinksListItem"
        },
        "Category": {
          "__metadata": {
            "id": "da88ab93-b002-4a48-8984-aeab4c0364a9",
            "type": "SP.Data.Link_x0020_CategoryListItem"
          },
          "Title": "Pricing"
        },
        "Id": 37,
        "URL_x0020_Title": {
          "__metadata": {
            "type": "SP.FieldUrlValue"
          },
          "Description": "Sales Tools Portal",
          "Url": "https://intra.bt.com/bt/globalservices/salesportal/sales_tools/Pages/index.html"
        },
        "ID": 37
      },
      {
        "__metadata": {
          "id": "Web/Lists(guid'b2f97412-d26c-4b71-aadd-6727b00e49da')/Items(38)",
          "uri": "http://santdev.bt.com/_api/Web/Lists(guid'b2f97412-d26c-4b71-aadd-6727b00e49da')/Items(38)",
          "etag": "\"2\"",
          "type": "SP.Data.UsefulLinksListItem"
        },
        "Category": {
          "__metadata": {
            "id": "6e7a5e47-b49d-4551-a30c-be6d8bdae307",
            "type": "SP.Data.Link_x0020_CategoryListItem"
          },
          "Title": "Portfolio"
        },
        "Id": 38,
        "URL_x0020_Title": {
          "__metadata": {
            "type": "SP.FieldUrlValue"
          },
          "Description": "BT Contact",
          "Url": "https://intra.bt.com/bt/globalservices/salesportal/propositions/crm/pages/index.aspx"
        },
        "ID": 38
      },
      {
        "__metadata": {
          "id": "Web/Lists(guid'b2f97412-d26c-4b71-aadd-6727b00e49da')/Items(39)",
          "uri": "http://santdev.bt.com/_api/Web/Lists(guid'b2f97412-d26c-4b71-aadd-6727b00e49da')/Items(39)",
          "etag": "\"3\"",
          "type": "SP.Data.UsefulLinksListItem"
        },
        "Category": {
          "__metadata": {
            "id": "836b3084-13ee-4b82-8c5c-b84978193f9b",
            "type": "SP.Data.Link_x0020_CategoryListItem"
          },
          "Title": "Portfolio"
        },
        "Id": 39,
        "URL_x0020_Title": {
          "__metadata": {
            "type": "SP.FieldUrlValue"
          },
          "Description": "BT Connect",
          "Url": "https://intra.bt.com/bt/globalservices/salesportal/propositions/bt_connect/Pages/index.aspx"
        },
        "ID": 39
      },
      {
        "__metadata": {
          "id": "Web/Lists(guid'b2f97412-d26c-4b71-aadd-6727b00e49da')/Items(40)",
          "uri": "http://santdev.bt.com/_api/Web/Lists(guid'b2f97412-d26c-4b71-aadd-6727b00e49da')/Items(40)",
          "etag": "\"3\"",
          "type": "SP.Data.UsefulLinksListItem"
        },
        "Category": {
          "__metadata": {
            "id": "b5a4efd8-c89d-4579-9d74-8bc6ae3accb4",
            "type": "SP.Data.Link_x0020_CategoryListItem"
          },
          "Title": "Portfolio"
        },
        "Id": 40,
        "URL_x0020_Title": {
          "__metadata": {
            "type": "SP.FieldUrlValue"
          },
          "Description": "BT One Mobile",
          "Url": "https://intra.bt.com/bt/globalservices/salesportal/propositions/bt_one/Pages/index.aspx"
        },
        "ID": 40
      },
      {
        "__metadata": {
          "id": "Web/Lists(guid'b2f97412-d26c-4b71-aadd-6727b00e49da')/Items(41)",
          "uri": "http://santdev.bt.com/_api/Web/Lists(guid'b2f97412-d26c-4b71-aadd-6727b00e49da')/Items(41)",
          "etag": "\"3\"",
          "type": "SP.Data.UsefulLinksListItem"
        },
        "Category": {
          "__metadata": {
            "id": "b5d4640d-adc7-4fa5-82ba-e5a086b0b787",
            "type": "SP.Data.Link_x0020_CategoryListItem"
          },
          "Title": "Portfolio"
        },
        "Id": 41,
        "URL_x0020_Title": {
          "__metadata": {
            "type": "SP.FieldUrlValue"
          },
          "Description": "BT Assure",
          "Url": "https://intra.bt.com/bt/globalservices/salesportal/propositions/security_compliance/Pages/index.aspx"
        },
        "ID": 41
      },
      {
        "__metadata": {
          "id": "Web/Lists(guid'b2f97412-d26c-4b71-aadd-6727b00e49da')/Items(42)",
          "uri": "http://santdev.bt.com/_api/Web/Lists(guid'b2f97412-d26c-4b71-aadd-6727b00e49da')/Items(42)",
          "etag": "\"16\"",
          "type": "SP.Data.UsefulLinksListItem"
        },
        "Category": {
          "__metadata": {
            "id": "17d9658c-e0b8-42f9-a7f5-b6cad44c5b9e",
            "type": "SP.Data.Link_x0020_CategoryListItem"
          },
          "Title": "Portfolio"
        },
        "Id": 42,
        "URL_x0020_Title": {
          "__metadata": {
            "type": "SP.FieldUrlValue"
          },
          "Description": "BT Advise",
          "Url": "https://intra.bt.com/bt/globalservices/salesportal/propositions/bt_advise/Pages/index.aspx"
        },
        "ID": 42
      },
      {
        "__metadata": {
          "id": "Web/Lists(guid'b2f97412-d26c-4b71-aadd-6727b00e49da')/Items(43)",
          "uri": "http://santdev.bt.com/_api/Web/Lists(guid'b2f97412-d26c-4b71-aadd-6727b00e49da')/Items(43)",
          "etag": "\"5\"",
          "type": "SP.Data.UsefulLinksListItem"
        },
        "Category": {
          "__metadata": {
            "id": "eb0b13f8-480c-47c4-8fea-ef94c5768f70",
            "type": "SP.Data.Link_x0020_CategoryListItem"
          },
          "Title": "Portfolio"
        },
        "Id": 43,
        "URL_x0020_Title": {
          "__metadata": {
            "type": "SP.FieldUrlValue"
          },
          "Description": "BT Compute",
          "Url": "https://intra.bt.com/bt/globalservices/salesportal/propositions/bt_compute/Pages/index.aspx"
        },
        "ID": 43
      },
      {
        "__metadata": {
          "id": "Web/Lists(guid'b2f97412-d26c-4b71-aadd-6727b00e49da')/Items(44)",
          "uri": "http://santdev.bt.com/_api/Web/Lists(guid'b2f97412-d26c-4b71-aadd-6727b00e49da')/Items(44)",
          "etag": "\"5\"",
          "type": "SP.Data.UsefulLinksListItem"
        },
        "Category": {
          "__metadata": {
            "id": "b14542d8-a96c-486f-a16f-82268bc83c6d",
            "type": "SP.Data.Link_x0020_CategoryListItem"
          },
          "Title": "Portfolio"
        },
        "Id": 44,
        "URL_x0020_Title": {
          "__metadata": {
            "type": "SP.FieldUrlValue"
          },
          "Description": "Managed Service from BT - UK only",
          "Url": "https://intra.bt.com/bt/globalservices/salesportal/products/Managed%20Service%20from%20BT/Pages/index.aspx"
        },
        "ID": 44
      },
      {
        "__metadata": {
          "id": "Web/Lists(guid'b2f97412-d26c-4b71-aadd-6727b00e49da')/Items(45)",
          "uri": "http://santdev.bt.com/_api/Web/Lists(guid'b2f97412-d26c-4b71-aadd-6727b00e49da')/Items(45)",
          "etag": "\"3\"",
          "type": "SP.Data.UsefulLinksListItem"
        },
        "Category": {
          "__metadata": {
            "id": "759274a3-c8be-4600-bf04-d88064835e97",
            "type": "SP.Data.Link_x0020_CategoryListItem"
          },
          "Title": "Portfolio"
        },
        "Id": 45,
        "URL_x0020_Title": {
          "__metadata": {
            "type": "SP.FieldUrlValue"
          },
          "Description": "All Products and Services",
          "Url": "https://officeapp.bt.com/sites/GSIntranet/SalesAndPortfolio/SalesAndPortfolioPages/products.aspx"
        },
        "ID": 45
      },
      {
        "__metadata": {
          "id": "Web/Lists(guid'b2f97412-d26c-4b71-aadd-6727b00e49da')/Items(46)",
          "uri": "http://santdev.bt.com/_api/Web/Lists(guid'b2f97412-d26c-4b71-aadd-6727b00e49da')/Items(46)",
          "etag": "\"3\"",
          "type": "SP.Data.UsefulLinksListItem"
        },
        "Category": {
          "__metadata": {
            "id": "d10ea6e6-bd12-4c05-a7ea-a1854cf70c5b",
            "type": "SP.Data.Link_x0020_CategoryListItem"
          },
          "Title": "Portfolio"
        },
        "Id": 46,
        "URL_x0020_Title": {
          "__metadata": {
            "type": "SP.FieldUrlValue"
          },
          "Description": "Service from BT",
          "Url": "https://intra.bt.com/bt/globalservices/salesportal/propositions/service_from_bt/Pages/index.aspx"
        },
        "ID": 46
      },
      {
        "__metadata": {
          "id": "Web/Lists(guid'b2f97412-d26c-4b71-aadd-6727b00e49da')/Items(47)",
          "uri": "http://santdev.bt.com/_api/Web/Lists(guid'b2f97412-d26c-4b71-aadd-6727b00e49da')/Items(47)",
          "etag": "\"5\"",
          "type": "SP.Data.UsefulLinksListItem"
        },
        "Category": {
          "__metadata": {
            "id": "c6e677bc-8654-4c56-a395-dcf00e8733c8",
            "type": "SP.Data.Link_x0020_CategoryListItem"
          },
          "Title": "Portfolio"
        },
        "Id": 47,
        "URL_x0020_Title": {
          "__metadata": {
            "type": "SP.FieldUrlValue"
          },
          "Description": "Innovation",
          "Url": "https://intra.bt.com/bt/globalservices/salesportal/sales/gs_innovation_portal/Pages/index.aspx"
        },
        "ID": 47
      },
      {
        "__metadata": {
          "id": "Web/Lists(guid'b2f97412-d26c-4b71-aadd-6727b00e49da')/Items(48)",
          "uri": "http://santdev.bt.com/_api/Web/Lists(guid'b2f97412-d26c-4b71-aadd-6727b00e49da')/Items(48)",
          "etag": "\"3\"",
          "type": "SP.Data.UsefulLinksListItem"
        },
        "Category": {
          "__metadata": {
            "id": "f22590ff-b498-4ed5-8f63-e9d5823d3e75",
            "type": "SP.Data.Link_x0020_CategoryListItem"
          },
          "Title": "Sales - non UK"
        },
        "Id": 48,
        "URL_x0020_Title": {
          "__metadata": {
            "type": "SP.FieldUrlValue"
          },
          "Description": "Benelux",
          "Url": "https://intra.bt.com/bt/globalservices/business_units/regions/bn/Pages/index.aspx"
        },
        "ID": 48
      },
      {
        "__metadata": {
          "id": "Web/Lists(guid'b2f97412-d26c-4b71-aadd-6727b00e49da')/Items(49)",
          "uri": "http://santdev.bt.com/_api/Web/Lists(guid'b2f97412-d26c-4b71-aadd-6727b00e49da')/Items(49)",
          "etag": "\"2\"",
          "type": "SP.Data.UsefulLinksListItem"
        },
        "Category": {
          "__metadata": {
            "id": "32413b62-35ad-443c-991f-18963c44af5f",
            "type": "SP.Data.Link_x0020_CategoryListItem"
          },
          "Title": "Sales"
        },
        "Id": 49,
        "URL_x0020_Title": {
          "__metadata": {
            "type": "SP.FieldUrlValue"
          },
          "Description": "Cloud of Clouds - Internet",
          "Url": "http://www.globalservices.bt.com/uk/en/point-of-view/cloud-of-clouds"
        },
        "ID": 49
      },
      {
        "__metadata": {
          "id": "Web/Lists(guid'b2f97412-d26c-4b71-aadd-6727b00e49da')/Items(50)",
          "uri": "http://santdev.bt.com/_api/Web/Lists(guid'b2f97412-d26c-4b71-aadd-6727b00e49da')/Items(50)",
          "etag": "\"1\"",
          "type": "SP.Data.UsefulLinksListItem"
        },
        "Category": {
          "__metadata": {
            "id": "56506047-6538-4440-9925-6825dd5d6ee0",
            "type": "SP.Data.Link_x0020_CategoryListItem"
          },
          "Title": "Contracts"
        },
        "Id": 50,
        "URL_x0020_Title": {
          "__metadata": {
            "type": "SP.FieldUrlValue"
          },
          "Description": "CLMT",
          "Url": "https://office.bt.com/sites/CLMT/SitePages/Home.aspx"
        },
        "ID": 50
      },
      {
        "__metadata": {
          "id": "Web/Lists(guid'b2f97412-d26c-4b71-aadd-6727b00e49da')/Items(51)",
          "uri": "http://santdev.bt.com/_api/Web/Lists(guid'b2f97412-d26c-4b71-aadd-6727b00e49da')/Items(51)",
          "etag": "\"12\"",
          "type": "SP.Data.UsefulLinksListItem"
        },
        "Category": {
          "__metadata": {
            "id": "756e257c-d938-4609-a20d-26e74dfad20c",
            "type": "SP.Data.Link_x0020_CategoryListItem"
          },
          "Title": "Insight and Analytics"
        },
        "Id": 51,
        "URL_x0020_Title": {
          "__metadata": {
            "type": "SP.FieldUrlValue"
          },
          "Description": "KAM - Key Account Marketing Programme portal",
          "Url": "http://www.btkam.com"
        },
        "ID": 51
      },
      {
        "__metadata": {
          "id": "Web/Lists(guid'b2f97412-d26c-4b71-aadd-6727b00e49da')/Items(52)",
          "uri": "http://santdev.bt.com/_api/Web/Lists(guid'b2f97412-d26c-4b71-aadd-6727b00e49da')/Items(52)",
          "etag": "\"4\"",
          "type": "SP.Data.UsefulLinksListItem"
        },
        "Category": {
          "__metadata": {
            "id": "752016e2-2609-48fb-b3b2-a7e61caf6628",
            "type": "SP.Data.Link_x0020_CategoryListItem"
          },
          "Title": "Sales"
        },
        "Id": 52,
        "URL_x0020_Title": {
          "__metadata": {
            "type": "SP.FieldUrlValue"
          },
          "Description": "Powerpoints for Overviews and Factpacks",
          "Url": "http://apps2.globalservices.bt.com/wizkit/"
        },
        "ID": 52
      },
      {
        "__metadata": {
          "id": "Web/Lists(guid'b2f97412-d26c-4b71-aadd-6727b00e49da')/Items(54)",
          "uri": "http://santdev.bt.com/_api/Web/Lists(guid'b2f97412-d26c-4b71-aadd-6727b00e49da')/Items(54)",
          "etag": "\"4\"",
          "type": "SP.Data.UsefulLinksListItem"
        },
        "Category": {
          "__metadata": {
            "id": "f1a890cd-c019-4fe3-aa06-84667c176bc0",
            "type": "SP.Data.Link_x0020_CategoryListItem"
          },
          "Title": "Contracts"
        },
        "Id": 54,
        "URL_x0020_Title": {
          "__metadata": {
            "type": "SP.FieldUrlValue"
          },
          "Description": "Contract Management",
          "Url": "https://intra.bt.com/bt/Finance/gcmg/contract_management/Pages/index.aspx"
        },
        "ID": 54
      },
      {
        "__metadata": {
          "id": "Web/Lists(guid'b2f97412-d26c-4b71-aadd-6727b00e49da')/Items(58)",
          "uri": "http://santdev.bt.com/_api/Web/Lists(guid'b2f97412-d26c-4b71-aadd-6727b00e49da')/Items(58)",
          "etag": "\"4\"",
          "type": "SP.Data.UsefulLinksListItem"
        },
        "Category": {
          "__metadata": {
            "id": "829e7af8-5add-41cf-9a83-d36ed5fdacd0",
            "type": "SP.Data.Link_x0020_CategoryListItem"
          },
          "Title": "Sales - non UK"
        },
        "Id": 58,
        "URL_x0020_Title": {
          "__metadata": {
            "type": "SP.FieldUrlValue"
          },
          "Description": "Americas",
          "Url": "https://intra.bt.com/bt/globalservices/business_units/regions/americas/Pages/index.aspx"
        },
        "ID": 58
      },
      {
        "__metadata": {
          "id": "Web/Lists(guid'b2f97412-d26c-4b71-aadd-6727b00e49da')/Items(59)",
          "uri": "http://santdev.bt.com/_api/Web/Lists(guid'b2f97412-d26c-4b71-aadd-6727b00e49da')/Items(59)",
          "etag": "\"3\"",
          "type": "SP.Data.UsefulLinksListItem"
        },
        "Category": {
          "__metadata": {
            "id": "e0f368ee-aae3-4a0c-a65c-00e769c266f3",
            "type": "SP.Data.Link_x0020_CategoryListItem"
          },
          "Title": "Sales - non UK"
        },
        "Id": 59,
        "URL_x0020_Title": {
          "__metadata": {
            "type": "SP.FieldUrlValue"
          },
          "Description": "Asia, Middle East and Africa",
          "Url": "https://intra.bt.com/bt/globalservices/business_units/regions/asia_middle_east_africa/Pages/index.aspx"
        },
        "ID": 59
      },
      {
        "__metadata": {
          "id": "Web/Lists(guid'b2f97412-d26c-4b71-aadd-6727b00e49da')/Items(60)",
          "uri": "http://santdev.bt.com/_api/Web/Lists(guid'b2f97412-d26c-4b71-aadd-6727b00e49da')/Items(60)",
          "etag": "\"5\"",
          "type": "SP.Data.UsefulLinksListItem"
        },
        "Category": {
          "__metadata": {
            "id": "7196f104-bfa2-4338-b8e8-d57e2a0f9b74",
            "type": "SP.Data.Link_x0020_CategoryListItem"
          },
          "Title": "Bid"
        },
        "Id": 60,
        "URL_x0020_Title": {
          "__metadata": {
            "type": "SP.FieldUrlValue"
          },
          "Description": "BT Search - Find it",
          "Url": "http://find.bt.com"
        },
        "ID": 60
      },
      {
        "__metadata": {
          "id": "Web/Lists(guid'b2f97412-d26c-4b71-aadd-6727b00e49da')/Items(61)",
          "uri": "http://santdev.bt.com/_api/Web/Lists(guid'b2f97412-d26c-4b71-aadd-6727b00e49da')/Items(61)",
          "etag": "\"4\"",
          "type": "SP.Data.UsefulLinksListItem"
        },
        "Category": {
          "__metadata": {
            "id": "352e25fe-048f-46ed-b40b-088b9b7982b8",
            "type": "SP.Data.Link_x0020_CategoryListItem"
          },
          "Title": "Bid"
        },
        "Id": 61,
        "URL_x0020_Title": {
          "__metadata": {
            "type": "SP.FieldUrlValue"
          },
          "Description": "Bid Vault FAQ",
          "Url": "https://office1.bt.com/sites/BidVault/Bid%20Vault/Forms/FAQ.aspx"
        },
        "ID": 61
      },
      {
        "__metadata": {
          "id": "Web/Lists(guid'b2f97412-d26c-4b71-aadd-6727b00e49da')/Items(62)",
          "uri": "http://santdev.bt.com/_api/Web/Lists(guid'b2f97412-d26c-4b71-aadd-6727b00e49da')/Items(62)",
          "etag": "\"3\"",
          "type": "SP.Data.UsefulLinksListItem"
        },
        "Category": {
          "__metadata": {
            "id": "f7b61dba-7971-4877-ac5a-6deef5e7fcd8",
            "type": "SP.Data.Link_x0020_CategoryListItem"
          },
          "Title": "Sales - non UK"
        },
        "Id": 62,
        "URL_x0020_Title": {
          "__metadata": {
            "type": "SP.FieldUrlValue"
          },
          "Description": "Europe",
          "Url": "https://intra.bt.com/bt/globalservices/business_units/regions/europe/Pages/index.aspx"
        },
        "ID": 62
      },
      {
        "__metadata": {
          "id": "Web/Lists(guid'b2f97412-d26c-4b71-aadd-6727b00e49da')/Items(67)",
          "uri": "http://santdev.bt.com/_api/Web/Lists(guid'b2f97412-d26c-4b71-aadd-6727b00e49da')/Items(67)",
          "etag": "\"2\"",
          "type": "SP.Data.UsefulLinksListItem"
        },
        "Category": {
          "__metadata": {
            "id": "8dd714af-4078-4337-b965-8d5b2e00c760",
            "type": "SP.Data.Link_x0020_CategoryListItem"
          },
          "Title": "Design"
        },
        "Id": 67,
        "URL_x0020_Title": {
          "__metadata": {
            "type": "SP.FieldUrlValue"
          },
          "Description": "Ditto",
          "Url": "https://office.bt.com/sites/ditto/SitePages/Home.aspx"
        },
        "ID": 67
      },
      {
        "__metadata": {
          "id": "Web/Lists(guid'b2f97412-d26c-4b71-aadd-6727b00e49da')/Items(68)",
          "uri": "http://santdev.bt.com/_api/Web/Lists(guid'b2f97412-d26c-4b71-aadd-6727b00e49da')/Items(68)",
          "etag": "\"1\"",
          "type": "SP.Data.UsefulLinksListItem"
        },
        "Category": {
          "__metadata": {
            "id": "6da3316b-4acc-4863-b7cb-a42f5d69c007",
            "type": "SP.Data.Link_x0020_CategoryListItem"
          },
          "Title": "Proposal Writing"
        },
        "Id": 68,
        "URL_x0020_Title": {
          "__metadata": {
            "type": "SP.FieldUrlValue"
          },
          "Description": "Executive Summary writing tips",
          "Url": "http://snip.bt.com/lma"
        },
        "ID": 68
      }
    ]
  }
}