{
  "d": {
    "__metadata": {
      "id": "Web/GetUserById(54)",
      "uri": "http://santdev.bt.com/_api/Web/GetUserById(54)",
      "type": "SP.User"
    },
    "Groups": {
      "__deferred": {
        "uri": "http://santdev.bt.com/_api/Web/GetUserById(54)/Groups"
      }
    },
    "Id": 54,
    "IsHiddenInUI": false,
    "LoginName": "i:0#.w|iuser\\608941125",
    "Title": "Sarvana Shanmugasundaram,N C",
    "PrincipalType": 1,
    "Email": "nareshkumar.sarvanashanmugasundaram@bt.com",
    "IsSiteAdmin": false,
    "UserId": {
      "__metadata": {
        "type": "SP.UserIdInfo"
      },
      "NameId": "s-1-5-21-1275210071-2000478354-682003330-1887732",
      "NameIdIssuer": "urn:office:idp:activedirectory"
    }
  }
}