[
  {
    "ID": "1097",
    "RFPQuestion": "&lt;div class=&quot;ExternalClassEFF56EDF57614EA7BF98393AC9498766&quot;&gt;&lt;div&gt;Details of&amp;#160; Company accreditations (professional body accreditations and trade body accreditations but excluding awards)&lt;/div&gt;&lt;/div&gt;",
    "AssignedTo": "",
    "AssignedToId": "",
    "Author": "Md Yaden,MFB,Fauzi,TAQ3 R",
    "AuthorId": "18"
  },
  {
    "ID": "1098",
    "RFPQuestion": "&lt;div class=&quot;ExternalClass5783BB88ECD14C3381299BCBD7D68CFB&quot;&gt;&lt;div&gt;Who is BT’s Accreditation Body?&lt;/div&gt;&lt;/div&gt;",
    "AssignedTo": "",
    "AssignedToId": "",
    "Author": "Md Yaden,MFB,Fauzi,TAQ3 R",
    "AuthorId": "18"
  },
  {
    "ID": "1200",
    "RFPQuestion": "&lt;div class=&quot;ExternalClass76290F2378F344908D46065741B4FC81&quot;&gt;&lt;div&gt;What is the name of the organisation in whose name the tender would be submitted?&lt;/div&gt;&lt;/div&gt;",
    "AssignedTo": "",
    "AssignedToId": "",
    "Author": "Md Yaden,MFB,Fauzi,TAQ3 R",
    "AuthorId": "18"
  },
  {
    "ID": "1201",
    "RFPQuestion": "&lt;div class=&quot;ExternalClass56A3C2566DB84AA58017B36DA3A54AB6&quot;&gt;&lt;div&gt;Does anyone have or know where this information can be found?&lt;br&gt;&lt;br&gt;1.&amp;#160;&amp;#160;&amp;#160;&amp;#160;&amp;#160;&amp;#160; Dunn &amp;amp; Bradstreet (D&amp;amp;B) Classification&lt;br&gt;&lt;br&gt;2.&amp;#160;&amp;#160;&amp;#160;&amp;#160;&amp;#160;&amp;#160; D&amp;amp;B Credit Appraisal Rating&lt;br&gt;&lt;br&gt;3.&amp;#160;&amp;#160;&amp;#160;&amp;#160;&amp;#160;&amp;#160; D&amp;amp;B Failure Score&lt;/div&gt;&lt;/div&gt;",
    "AssignedTo": "",
    "AssignedToId": "",
    "Author": "Md Yaden,MFB,Fauzi,TAQ3 R",
    "AuthorId": "18"
  },
  {
    "ID": "1202",
    "RFPQuestion": "&lt;div class=&quot;ExternalClass08463B6C4A6342E3ACF42736ECE436EF&quot;&gt;&lt;div&gt;State the supplier&#39;s date of registration and registration number under the Companies Act 2006&lt;/div&gt;&lt;/div&gt;",
    "AssignedTo": "",
    "AssignedToId": "",
    "Author": "Md Yaden,MFB,Fauzi,TAQ3 R",
    "AuthorId": "18"
  },
  {
    "ID": "1203",
    "RFPQuestion": "&lt;div class=&quot;ExternalClass0C8574D8917846BD80AC7AE5C91254B0&quot;&gt;&lt;div&gt;If the supplier is a member of a group of companies, give the names and addresses of the ultimate holding company and associated companies. &lt;/div&gt;&lt;/div&gt;",
    "AssignedTo": "",
    "AssignedToId": "",
    "Author": "Md Yaden,MFB,Fauzi,TAQ3 R",
    "AuthorId": "18"
  },
  {
    "ID": "1204",
    "RFPQuestion": "&lt;div class=&quot;ExternalClass3E7CDA18B73448F08D12DE5CDCF3C9BA&quot;&gt;&lt;div&gt;Will the group or ultimate holding company be prepared to guarantee, as a subsidiary, your contract performance&lt;/div&gt;&lt;/div&gt;",
    "AssignedTo": "",
    "AssignedToId": "",
    "Author": "Md Yaden,MFB,Fauzi,TAQ3 R",
    "AuthorId": "18"
  },
  {
    "ID": "1205",
    "RFPQuestion": "&lt;div class=&quot;ExternalClass4F66270668C144ED9875A9D51F7D4F58&quot;&gt;&lt;div&gt;ISO31000 Risk Management &lt;/div&gt;&lt;/div&gt;",
    "AssignedTo": "",
    "AssignedToId": "",
    "Author": "Md Yaden,MFB,Fauzi,TAQ3 R",
    "AuthorId": "18"
  },
  {
    "ID": "1206",
    "RFPQuestion": "&lt;div class=&quot;ExternalClass67666B5472274C149110F64DD860DBD7&quot;&gt;&lt;div&gt;Please can anyone provide Dun &amp;amp; Bradstreet number or equivalent&lt;/div&gt;&lt;/div&gt;",
    "AssignedTo": "",
    "AssignedToId": "",
    "Author": "Md Yaden,MFB,Fauzi,TAQ3 R",
    "AuthorId": "18"
  },
  {
    "ID": "1207",
    "RFPQuestion": "&lt;div class=&quot;ExternalClass3E3CBF9AEA5E427AA3575824D41A2DEA&quot;&gt;&lt;div&gt;BT&#39;s main, general service and contract delivery locations&lt;/div&gt;&lt;/div&gt;",
    "AssignedTo": "",
    "AssignedToId": "",
    "Author": "Md Yaden,MFB,Fauzi,TAQ3 R",
    "AuthorId": "18"
  },
  {
    "ID": "1208",
    "RFPQuestion": "&lt;div class=&quot;ExternalClass7C05B342E66E44F4999E7FA666C69CE6&quot;&gt;&lt;div&gt;Our Core Portfolio&lt;/div&gt;&lt;/div&gt;",
    "AssignedTo": "",
    "AssignedToId": "",
    "Author": "Md Yaden,MFB,Fauzi,TAQ3 R",
    "AuthorId": "18"
  },
  {
    "ID": "1209",
    "RFPQuestion": "&lt;div class=&quot;ExternalClass1952243B5C704B989FD98AEA7A6C527D&quot;&gt;&lt;div&gt;Do any potential conflicts of interests exist between this work, any senior member of your company or any sub-contractor that the Bidder, Lead Organisation and/or any Relevant Organisation (as applicable) may use?&lt;/div&gt;&lt;/div&gt;",
    "AssignedTo": "",
    "AssignedToId": "",
    "Author": "Md Yaden,MFB,Fauzi,TAQ3 R",
    "AuthorId": "18"
  },
  {
    "ID": "1210",
    "RFPQuestion": "&lt;div class=&quot;ExternalClass3FBE2D93B83C4A82BBC052416AEEA7B3&quot;&gt;&lt;div&gt;BT Group &lt;br&gt;&lt;br&gt;&lt;br&gt;&lt;br&gt;&lt;/div&gt;&lt;/div&gt;",
    "AssignedTo": "",
    "AssignedToId": "",
    "Author": "Md Yaden,MFB,Fauzi,TAQ3 R",
    "AuthorId": "18"
  },
  {
    "ID": "1211",
    "RFPQuestion": "&lt;div class=&quot;ExternalClassA09FB231058749C2B589CA083389826A&quot;&gt;&lt;div&gt;How do we govern our CR activities&lt;/div&gt;&lt;/div&gt;",
    "AssignedTo": "",
    "AssignedToId": "",
    "Author": "Md Yaden,MFB,Fauzi,TAQ3 R",
    "AuthorId": "18"
  },
  {
    "ID": "1212",
    "RFPQuestion": "&lt;div class=&quot;ExternalClass3CF5493A17544F2A923B6FF15894DC32&quot;&gt;&lt;div&gt;Please provide staff numbers &lt;/div&gt;&lt;/div&gt;",
    "AssignedTo": "",
    "AssignedToId": "",
    "Author": "Md Yaden,MFB,Fauzi,TAQ3 R",
    "AuthorId": "18"
  },
  {
    "ID": "1213",
    "RFPQuestion": "&lt;div class=&quot;ExternalClass5DFE3E326181401EA1AD809847735B50&quot;&gt;&lt;div&gt;How many people are employed by BT&lt;br&gt;&lt;br&gt;&lt;br&gt;&lt;br&gt;&lt;/div&gt;&lt;/div&gt;",
    "AssignedTo": "",
    "AssignedToId": "",
    "Author": "Md Yaden,MFB,Fauzi,TAQ3 R",
    "AuthorId": "18"
  },
  {
    "ID": "1214",
    "RFPQuestion": "&lt;div class=&quot;ExternalClass2EE139FA681E4F149BE722A016A14FBF&quot;&gt;&lt;div&gt;Please advise your Anti-corruption and bribery policy&lt;/div&gt;&lt;/div&gt;",
    "AssignedTo": "",
    "AssignedToId": "",
    "Author": "Md Yaden,MFB,Fauzi,TAQ3 R",
    "AuthorId": "18"
  },
  {
    "ID": "1215",
    "RFPQuestion": "&lt;div class=&quot;ExternalClass8F0C5FEBB0354F75ACD0511E4AB49DB3&quot;&gt;&lt;div&gt;What is your guidance on Blackmail &amp;amp; extortion &lt;/div&gt;&lt;/div&gt;",
    "AssignedTo": "",
    "AssignedToId": "",
    "Author": "Md Yaden,MFB,Fauzi,TAQ3 R",
    "AuthorId": "18"
  },
  {
    "ID": "1216",
    "RFPQuestion": "&lt;div class=&quot;ExternalClassBF0B014ECD46479EAC4EE0E4C3A030D4&quot;&gt;&lt;div&gt;Our Purpose and Strategy&lt;/div&gt;&lt;/div&gt;",
    "AssignedTo": "",
    "AssignedToId": "",
    "Author": "Md Yaden,MFB,Fauzi,TAQ3 R",
    "AuthorId": "18"
  },
  {
    "ID": "1217",
    "RFPQuestion": "&lt;div class=&quot;ExternalClass0189E431610F4175947D87686A73081C&quot;&gt;&lt;div&gt;If applicable&amp;#58; Are suppliers&#39;, sub-contractors&#39; and consultants&#39; premises, systems and output, audited on a regular basis?&lt;/div&gt;&lt;/div&gt;",
    "AssignedTo": "",
    "AssignedToId": "",
    "Author": "Md Yaden,MFB,Fauzi,TAQ3 R",
    "AuthorId": "18"
  },
  {
    "ID": "1218",
    "RFPQuestion": "&lt;div class=&quot;ExternalClass87C47F1F003746649BE6BC6DF05193BE&quot;&gt;&lt;div&gt;Please describe your involvement in IT compliance or regulations (such as SOX, US Export Control, Data Privacy etc) and how these procedures are followed and audited.&lt;/div&gt;&lt;/div&gt;",
    "AssignedTo": "",
    "AssignedToId": "",
    "Author": "Md Yaden,MFB,Fauzi,TAQ3 R",
    "AuthorId": "18"
  },
  {
    "ID": "1219",
    "RFPQuestion": "&lt;div class=&quot;ExternalClass24C3FD562AD5443BAB36ACFA965533ED&quot;&gt;&lt;div&gt;Please provide details of past experience working with and managing 3rd party Vendors of complimentary services (i.e. networks, infrastructure, telephony).&lt;/div&gt;&lt;/div&gt;",
    "AssignedTo": "",
    "AssignedToId": "",
    "Author": "Md Yaden,MFB,Fauzi,TAQ3 R",
    "AuthorId": "18"
  },
  {
    "ID": "1220",
    "RFPQuestion": "&lt;div class=&quot;ExternalClassEF577AE3E228446BA85C4D3540750D20&quot;&gt;&lt;div&gt;Detail BT’s Business Continuity and Disaster Recovery Plans&lt;/div&gt;&lt;/div&gt;",
    "AssignedTo": "",
    "AssignedToId": "",
    "Author": "Md Yaden,MFB,Fauzi,TAQ3 R",
    "AuthorId": "18"
  },
  {
    "ID": "1221",
    "RFPQuestion": "&lt;div class=&quot;ExternalClass4903E98DB75D423090E57AAE7A9DF107&quot;&gt;&lt;div&gt;Describe the methods statements that will be produced in order for us to review and approve work.…&lt;/div&gt;&lt;/div&gt;",
    "AssignedTo": "",
    "AssignedToId": "",
    "Author": "Md Yaden,MFB,Fauzi,TAQ3 R",
    "AuthorId": "18"
  },
  {
    "ID": "1222",
    "RFPQuestion": "&lt;div class=&quot;ExternalClass4537C76569F64913A4D9DF4BD1E67DA8&quot;&gt;&lt;div&gt;How many employees are there in your company&lt;/div&gt;&lt;/div&gt;",
    "AssignedTo": "",
    "AssignedToId": "",
    "Author": "Md Yaden,MFB,Fauzi,TAQ3 R",
    "AuthorId": "18"
  },
  {
    "ID": "1223",
    "RFPQuestion": "&lt;div class=&quot;ExternalClassEBEE6C17893E4E83B9057412E3287ACE&quot;&gt;&lt;div&gt;Is your company structure a Public Limited Company - Limited Company - Company Limited by Guarantee – Partnership - Sole Trader – Charity -&amp;#160; Franchise - Other (e.g. a Special Purpose Vehicle, Joint Venture Company etc&lt;/div&gt;&lt;/div&gt;",
    "AssignedTo": "",
    "AssignedToId": "",
    "Author": "Md Yaden,MFB,Fauzi,TAQ3 R",
    "AuthorId": "18"
  },
  {
    "ID": "1224",
    "RFPQuestion": "&lt;div class=&quot;ExternalClass867150A443A64F649826C1E83A3DFA11&quot;&gt;&lt;div&gt;What are the main business activities of your organisation&lt;/div&gt;&lt;/div&gt;",
    "AssignedTo": "",
    "AssignedToId": "",
    "Author": "Md Yaden,MFB,Fauzi,TAQ3 R",
    "AuthorId": "18"
  },
  {
    "ID": "1225",
    "RFPQuestion": "&lt;div class=&quot;ExternalClassB5B241FB433042E691AB4DB8CCEB8A9D&quot;&gt;&lt;div&gt;What are your Annual Revenues, Turnover, Profit and Assets for the previous 5 years?&lt;/div&gt;&lt;/div&gt;",
    "AssignedTo": "",
    "AssignedToId": "",
    "Author": "Md Yaden,MFB,Fauzi,TAQ3 R",
    "AuthorId": "18"
  },
  {
    "ID": "1226",
    "RFPQuestion": "&lt;div class=&quot;ExternalClass8D6FD94883DC4A2B987F76BB683AC552&quot;&gt;&lt;div&gt;Provide narrative for BT group business &lt;/div&gt;&lt;/div&gt;",
    "AssignedTo": "",
    "AssignedToId": "",
    "Author": "Md Yaden,MFB,Fauzi,TAQ3 R",
    "AuthorId": "18"
  },
  {
    "ID": "1227",
    "RFPQuestion": "&lt;div class=&quot;ExternalClassC9869680D7E3444285F00BE4683D1016&quot;&gt;&lt;div&gt;What identity checks do you carry out prior to setting up a new relationship with an employee? Do these include anti-impersonation checks&lt;/div&gt;&lt;/div&gt;",
    "AssignedTo": "",
    "AssignedToId": "",
    "Author": "Md Yaden,MFB,Fauzi,TAQ3 R",
    "AuthorId": "18"
  },
  {
    "ID": "1228",
    "RFPQuestion": "&lt;div class=&quot;ExternalClass431BA87D1D5648F9BC8326DDF6588A8D&quot;&gt;&lt;div&gt;Industry Positioning&amp;#160; Gartner&lt;/div&gt;&lt;/div&gt;",
    "AssignedTo": "",
    "AssignedToId": "",
    "Author": "Md Yaden,MFB,Fauzi,TAQ3 R",
    "AuthorId": "18"
  },
  {
    "ID": "1229",
    "RFPQuestion": "&lt;div class=&quot;ExternalClass3F05ED7EABED4C2788158E99AC0A9813&quot;&gt;&lt;div&gt;What records are kept of destructions?&lt;br&gt;&lt;br&gt;&lt;/div&gt;&lt;/div&gt;",
    "AssignedTo": "",
    "AssignedToId": "",
    "Author": "Md Yaden,MFB,Fauzi,TAQ3 R",
    "AuthorId": "18"
  },
  {
    "ID": "1230",
    "RFPQuestion": "&lt;div class=&quot;ExternalClass2B5393BF755B4F598F16DF5362DCA10D&quot;&gt;&lt;div&gt;Who is authorised to place a ‘hold’ on scheduled destructions and who is authorised to lift a ‘hold’ instruction.&lt;/div&gt;&lt;/div&gt;",
    "AssignedTo": "",
    "AssignedToId": "",
    "Author": "Md Yaden,MFB,Fauzi,TAQ3 R",
    "AuthorId": "18"
  },
  {
    "ID": "1231",
    "RFPQuestion": "&lt;div class=&quot;ExternalClass771C5864135B43EDA09A787D0FB93AB9&quot;&gt;&lt;div&gt;Please describe instances when&amp;#160; you have not been able to retrieve records when required for your clients, customers, regulators or other key stakeholders; and / or where&lt;/div&gt;&lt;/div&gt;",
    "AssignedTo": "",
    "AssignedToId": "",
    "Author": "Md Yaden,MFB,Fauzi,TAQ3 R",
    "AuthorId": "18"
  },
  {
    "ID": "1232",
    "RFPQuestion": "&lt;div class=&quot;ExternalClass33C9282B34E94566B9E5B87430528CB5&quot;&gt;&lt;div&gt;Please describe instances when you have produced such records, they have challenged you that what you have produced is not complete or accurate.&lt;/div&gt;&lt;/div&gt;",
    "AssignedTo": "",
    "AssignedToId": "",
    "Author": "Md Yaden,MFB,Fauzi,TAQ3 R",
    "AuthorId": "18"
  },
  {
    "ID": "1233",
    "RFPQuestion": "&lt;div class=&quot;ExternalClass701DF563448E4573B6AB8E595357432D&quot;&gt;&lt;div&gt;Do you have Business Continuity &amp;amp; Disaster Recovery Programmes to ensure continuity of the key services that you provide to &amp;lt;&amp;lt;clientshort&amp;gt;&amp;gt; in line with BC good practice&lt;/div&gt;&lt;/div&gt;",
    "AssignedTo": "",
    "AssignedToId": "",
    "Author": "Md Yaden,MFB,Fauzi,TAQ3 R",
    "AuthorId": "18"
  },
  {
    "ID": "1234",
    "RFPQuestion": "&lt;div class=&quot;ExternalClassB14A0E5881304EABB93B5FF8716B48B0&quot;&gt;&lt;div&gt;What training do you provide to staff to ensure that they operate fully in line with your company records management standards&lt;/div&gt;&lt;/div&gt;",
    "AssignedTo": "",
    "AssignedToId": "",
    "Author": "Md Yaden,MFB,Fauzi,TAQ3 R",
    "AuthorId": "18"
  },
  {
    "ID": "1235",
    "RFPQuestion": "&lt;div class=&quot;ExternalClass46504DA4CBB340EC88828D31B324A3A1&quot;&gt;&lt;div&gt;What governance do you have in place to ensure that the retrieval of records happens in a secure manner?&lt;/div&gt;&lt;/div&gt;",
    "AssignedTo": "",
    "AssignedToId": "",
    "Author": "Md Yaden,MFB,Fauzi,TAQ3 R",
    "AuthorId": "18"
  },
  {
    "ID": "1236",
    "RFPQuestion": "&lt;div class=&quot;ExternalClassEC35D1DF7E56401A90962C0E7F80204D&quot;&gt;&lt;div&gt;Who within your organisation is authorised to action requests for retrievals and to send records?&lt;/div&gt;&lt;/div&gt;",
    "AssignedTo": "",
    "AssignedToId": "",
    "Author": "Md Yaden,MFB,Fauzi,TAQ3 R",
    "AuthorId": "18"
  },
  {
    "ID": "1237",
    "RFPQuestion": "&lt;div class=&quot;ExternalClass7094C27A68DE4A71B9D8CEFC0F105F35&quot;&gt;&lt;div&gt;Please confirm the process for deletion / destruction of client records?&lt;/div&gt;&lt;/div&gt;",
    "AssignedTo": "",
    "AssignedToId": "",
    "Author": "Md Yaden,MFB,Fauzi,TAQ3 R",
    "AuthorId": "18"
  },
  {
    "ID": "1238",
    "RFPQuestion": "&lt;div class=&quot;ExternalClass237D6DBE409C4B82B37859C889AAE346&quot;&gt;&lt;div&gt;Who is able to authorise the destruction of records?&lt;/div&gt;&lt;/div&gt;",
    "AssignedTo": "",
    "AssignedToId": "",
    "Author": "Md Yaden,MFB,Fauzi,TAQ3 R",
    "AuthorId": "18"
  },
  {
    "ID": "1239",
    "RFPQuestion": "&lt;div class=&quot;ExternalClassD9D2B997A85941B090DA1A01C71EC627&quot;&gt;&lt;div&gt;How do you carry out assurance activity on your sub-contractors to ensure appropriate fraud controls are in place&lt;/div&gt;&lt;/div&gt;",
    "AssignedTo": "",
    "AssignedToId": "",
    "Author": "Md Yaden,MFB,Fauzi,TAQ3 R",
    "AuthorId": "18"
  },
  {
    "ID": "1240",
    "RFPQuestion": "&lt;div class=&quot;ExternalClassE8E4E75B8A3A4B67962CDF0F470DAE59&quot;&gt;&lt;div&gt;Please describe your culture and philosophy&lt;/div&gt;&lt;/div&gt;",
    "AssignedTo": "",
    "AssignedToId": "",
    "Author": "Md Yaden,MFB,Fauzi,TAQ3 R",
    "AuthorId": "18"
  },
  {
    "ID": "1241",
    "RFPQuestion": "&lt;div class=&quot;ExternalClass149DC295D25249B2A4D334F0D7C6F1B3&quot;&gt;&lt;div&gt;Is BT Certified to BS25999? What provision has BT For Business Continuity? &lt;/div&gt;&lt;/div&gt;",
    "AssignedTo": "",
    "AssignedToId": "",
    "Author": "Md Yaden,MFB,Fauzi,TAQ3 R",
    "AuthorId": "18"
  },
  {
    "ID": "1242",
    "RFPQuestion": "&lt;div class=&quot;ExternalClassCDBB8C8210A14DF19817CE24BCB774F1&quot;&gt;&lt;div&gt;Is BT Certified to ISO20000 Service Management? &lt;/div&gt;&lt;/div&gt;",
    "AssignedTo": "",
    "AssignedToId": "",
    "Author": "Md Yaden,MFB,Fauzi,TAQ3 R",
    "AuthorId": "18"
  },
  {
    "ID": "1243",
    "RFPQuestion": "&lt;div class=&quot;ExternalClassC5C9AF36A37648F591C25B3C71DCC588&quot;&gt;&lt;div&gt;Where can I find security and continuity policies&lt;/div&gt;&lt;/div&gt;",
    "AssignedTo": "",
    "AssignedToId": "",
    "Author": "Md Yaden,MFB,Fauzi,TAQ3 R",
    "AuthorId": "18"
  },
  {
    "ID": "1244",
    "RFPQuestion": "&lt;div class=&quot;ExternalClass0E591F0CEEF743A3A0521FD4893B5D18&quot;&gt;&lt;div&gt;System access controls on all systems&lt;/div&gt;&lt;/div&gt;",
    "AssignedTo": "",
    "AssignedToId": "",
    "Author": "Md Yaden,MFB,Fauzi,TAQ3 R",
    "AuthorId": "18"
  },
  {
    "ID": "1245",
    "RFPQuestion": "&lt;div class=&quot;ExternalClass4F965260FBCE4E4597144CCC14562EA6&quot;&gt;&lt;div&gt;What is BT’s Vision &lt;/div&gt;&lt;/div&gt;",
    "AssignedTo": "",
    "AssignedToId": "",
    "Author": "Md Yaden,MFB,Fauzi,TAQ3 R",
    "AuthorId": "18"
  },
  {
    "ID": "1246",
    "RFPQuestion": "&lt;div class=&quot;ExternalClassB51DA7F8C8944155896B5C10A2E31656&quot;&gt;&lt;div&gt;What are your organisation’s core values and heritage?&amp;#160; Please provide examples of how this provided the most appropriate “fit” for other clients and how this experience may benefit new clients.&lt;/div&gt;&lt;/div&gt;",
    "AssignedTo": "",
    "AssignedToId": "",
    "Author": "Md Yaden,MFB,Fauzi,TAQ3 R",
    "AuthorId": "18"
  },
  {
    "ID": "1247",
    "RFPQuestion": "&lt;div class=&quot;ExternalClass9458042EED2540D2B08CF09BCF8D99EC&quot;&gt;&lt;div&gt;References and Case Study&lt;/div&gt;&lt;/div&gt;",
    "AssignedTo": "",
    "AssignedToId": "",
    "Author": "Md Yaden,MFB,Fauzi,TAQ3 R",
    "AuthorId": "18"
  },
  {
    "ID": "1248",
    "RFPQuestion": "&lt;div class=&quot;ExternalClassAB7D62FBB12541908A33BC8BAF7FBD27&quot;&gt;&lt;div&gt;What are your organisation’s core values and heritage?&amp;#160; Please provide examples of how this provided the most appropriate “fit” for other clients and how this experience may benefit new clients.&lt;/div&gt;&lt;/div&gt;",
    "AssignedTo": "",
    "AssignedToId": "",
    "Author": "Md Yaden,MFB,Fauzi,TAQ3 R",
    "AuthorId": "18"
  },
  {
    "ID": "1249",
    "RFPQuestion": "&lt;div class=&quot;ExternalClass2735E94BA32442D2BA4CB904671207DD&quot;&gt;&lt;div&gt;What is your policy on protecting customer data?&lt;/div&gt;&lt;/div&gt;",
    "AssignedTo": "",
    "AssignedToId": "",
    "Author": "Md Yaden,MFB,Fauzi,TAQ3 R",
    "AuthorId": "18"
  },
  {
    "ID": "1250",
    "RFPQuestion": "&lt;div class=&quot;ExternalClassACF310A22F62440EBA2207DBC4B12D97&quot;&gt;&lt;div&gt;How do you ensure the privacy of your customers?&lt;/div&gt;&lt;/div&gt;",
    "AssignedTo": "",
    "AssignedToId": "",
    "Author": "Md Yaden,MFB,Fauzi,TAQ3 R",
    "AuthorId": "18"
  },
  {
    "ID": "1251",
    "RFPQuestion": "&lt;div class=&quot;ExternalClassAB2D2B6A116C4E28A929DA0E523BB0BC&quot;&gt;&lt;div&gt;Describe your organisation&#39;s approach to the conduct of employees / sub contractors particularly in respect to working with sensitive data concerning vulnerable individuals? &lt;/div&gt;&lt;/div&gt;",
    "AssignedTo": "",
    "AssignedToId": "",
    "Author": "Md Yaden,MFB,Fauzi,TAQ3 R",
    "AuthorId": "18"
  },
  {
    "ID": "1252",
    "RFPQuestion": "&lt;div class=&quot;ExternalClassA0E618445909482895BA2341CC15B80B&quot;&gt;&lt;div&gt;Has your organisation set any targets to increase recycling rates in the last 12 months?&lt;/div&gt;&lt;/div&gt;",
    "AssignedTo": "",
    "AssignedToId": "",
    "Author": "Md Yaden,MFB,Fauzi,TAQ3 R",
    "AuthorId": "18"
  },
  {
    "ID": "1253",
    "RFPQuestion": "&lt;div class=&quot;ExternalClass4304F1C2ACBE4ED987D135AC47BC6A80&quot;&gt;&lt;div&gt;What is your approach to sustainable procurement?&lt;/div&gt;&lt;/div&gt;",
    "AssignedTo": "",
    "AssignedToId": "",
    "Author": "Md Yaden,MFB,Fauzi,TAQ3 R",
    "AuthorId": "18"
  },
  {
    "ID": "1254",
    "RFPQuestion": "&lt;div class=&quot;ExternalClass933061BDACDC465E97FDD0763F39C868&quot;&gt;&lt;div&gt;Please give details of any Proprietor, Director, Partner, Officer or Associate who is employed by the /Trust or has been employed by the Council/Trust.&amp;#160; Details should include names, positions and dates of employment.&lt;/div&gt;&lt;/div&gt;",
    "AssignedTo": "",
    "AssignedToId": "",
    "Author": "Md Yaden,MFB,Fauzi,TAQ3 R",
    "AuthorId": "18"
  },
  {
    "ID": "1255",
    "RFPQuestion": "&lt;div class=&quot;ExternalClassA71B537029384965A47DC2CAF9B1A10F&quot;&gt;&lt;div&gt;Give a brief explanation of your company’s history, i.e. how it was formed, the date of formation and how it has grown, etc.&lt;/div&gt;&lt;/div&gt;",
    "AssignedTo": "",
    "AssignedToId": "",
    "Author": "Md Yaden,MFB,Fauzi,TAQ3 R",
    "AuthorId": "18"
  },
  {
    "ID": "1256",
    "RFPQuestion": "&lt;div class=&quot;ExternalClassE56D9373B5994FD2A382AF768C2638F6&quot;&gt;&lt;div&gt;Please enclose a copy of the Certificate of Incorporation under the Companies Act 2006 (if applicable). Please state briefly the objects of the Company as set out in the Memorandum of Association (if applicable).&lt;/div&gt;&lt;/div&gt;",
    "AssignedTo": "",
    "AssignedToId": "",
    "Author": "Md Yaden,MFB,Fauzi,TAQ3 R",
    "AuthorId": "18"
  },
  {
    "ID": "1257",
    "RFPQuestion": "&lt;div class=&quot;ExternalClassAD88D10993A240CF90677E4C44852EDF&quot;&gt;&lt;div&gt;If your organisation is a member of a group of companies, will the holding company guarantee your performance of the contract?&lt;/div&gt;&lt;/div&gt;",
    "AssignedTo": "",
    "AssignedToId": "",
    "Author": "Md Yaden,MFB,Fauzi,TAQ3 R",
    "AuthorId": "18"
  },
  {
    "ID": "1258",
    "RFPQuestion": "&lt;div class=&quot;ExternalClass9FE04EDD269844C898E15B5F92DC4645&quot;&gt;&lt;div&gt;Insurance claims - Please provide details of any claims made in the previous three years.&lt;br&gt;&lt;br&gt;&lt;/div&gt;&lt;/div&gt;",
    "AssignedTo": "",
    "AssignedToId": "",
    "Author": "Md Yaden,MFB,Fauzi,TAQ3 R",
    "AuthorId": "18"
  },
  {
    "ID": "1259",
    "RFPQuestion": "&lt;div class=&quot;ExternalClass21BC77D37551445B8FC96FC9E578DCF2&quot;&gt;&lt;div&gt;Name of ultimate parent company&lt;/div&gt;&lt;/div&gt;",
    "AssignedTo": "",
    "AssignedToId": "",
    "Author": "Md Yaden,MFB,Fauzi,TAQ3 R",
    "AuthorId": "18"
  },
  {
    "ID": "1260",
    "RFPQuestion": "&lt;div class=&quot;ExternalClassE85DD158DD2A4980A79314C2098FC681&quot;&gt;&lt;div&gt;Dun &amp;amp; Bradstreet | D-U-N-S No. | D&amp;amp;B&lt;/div&gt;&lt;/div&gt;",
    "AssignedTo": "",
    "AssignedToId": "",
    "Author": "Md Yaden,MFB,Fauzi,TAQ3 R",
    "AuthorId": "18"
  },
  {
    "ID": "1261",
    "RFPQuestion": "&lt;div class=&quot;ExternalClass1AD6419627FA473CAC78D282925956D4&quot;&gt;&lt;div&gt;Insurance certificates and liability&lt;/div&gt;&lt;/div&gt;",
    "AssignedTo": "",
    "AssignedToId": "",
    "Author": "Md Yaden,MFB,Fauzi,TAQ3 R",
    "AuthorId": "18"
  },
  {
    "ID": "1262",
    "RFPQuestion": "&lt;div class=&quot;ExternalClass986F1DE649004883A68257B4403031FA&quot;&gt;&lt;div&gt;How many women are employed by your company?&lt;/div&gt;&lt;/div&gt;",
    "AssignedTo": "",
    "AssignedToId": "",
    "Author": "Md Yaden,MFB,Fauzi,TAQ3 R",
    "AuthorId": "18"
  },
  {
    "ID": "1263",
    "RFPQuestion": "&lt;div class=&quot;ExternalClassE1074CC3DCC348B28342E15F6E88B8DE&quot;&gt;&lt;div&gt;Registered head office or company address&lt;/div&gt;&lt;/div&gt;",
    "AssignedTo": "",
    "AssignedToId": "",
    "Author": "Md Yaden,MFB,Fauzi,TAQ3 R",
    "AuthorId": "18"
  },
  {
    "ID": "1264",
    "RFPQuestion": "&lt;div class=&quot;ExternalClassEEA2D079160C4F4B9212D93BBC60FFF3&quot;&gt;&lt;div&gt;Company or charity registration number?&lt;/div&gt;&lt;/div&gt;",
    "AssignedTo": "",
    "AssignedToId": "",
    "Author": "Md Yaden,MFB,Fauzi,TAQ3 R",
    "AuthorId": "18"
  },
  {
    "ID": "1265",
    "RFPQuestion": "&lt;div class=&quot;ExternalClass85C5A7DC34BC4876A68C1E52891C3D63&quot;&gt;&lt;div&gt;Does your business fall within the category of the Voluntary and Community Sector (VCS)?&lt;/div&gt;&lt;/div&gt;",
    "AssignedTo": "",
    "AssignedToId": "",
    "Author": "Md Yaden,MFB,Fauzi,TAQ3 R",
    "AuthorId": "18"
  },
  {
    "ID": "1266",
    "RFPQuestion": "&lt;div class=&quot;ExternalClass6C0E9159BCE44DC0B2DFB91A9FD0150A&quot;&gt;&lt;div&gt;What is your website address?&lt;/div&gt;&lt;/div&gt;",
    "AssignedTo": "",
    "AssignedToId": "",
    "Author": "Md Yaden,MFB,Fauzi,TAQ3 R",
    "AuthorId": "18"
  },
  {
    "ID": "1267",
    "RFPQuestion": "&lt;div class=&quot;ExternalClassC85FDF600D91498EA5C1F602192CDDEF&quot;&gt;&lt;div&gt;Are you a Small/Medium Sized Enterprise (SME)?&lt;/div&gt;&lt;/div&gt;",
    "AssignedTo": "",
    "AssignedToId": "",
    "Author": "Md Yaden,MFB,Fauzi,TAQ3 R",
    "AuthorId": "18"
  },
  {
    "ID": "1268",
    "RFPQuestion": "&lt;div class=&quot;ExternalClass4A7EC51AA71F4DD0B898DDD2DCC5318B&quot;&gt;&lt;div&gt;Has your organisation met the terms of its banking facilities and loan agreements (if any) during the past year?&lt;/div&gt;&lt;/div&gt;",
    "AssignedTo": "",
    "AssignedToId": "",
    "Author": "Md Yaden,MFB,Fauzi,TAQ3 R",
    "AuthorId": "18"
  },
  {
    "ID": "1269",
    "RFPQuestion": "&lt;div class=&quot;ExternalClass4965FFAF55584188887C46588547656F&quot;&gt;&lt;div&gt;What is the % of disabled staff in your enterprise workforce?&lt;/div&gt;&lt;/div&gt;",
    "AssignedTo": "",
    "AssignedToId": "",
    "Author": "Md Yaden,MFB,Fauzi,TAQ3 R",
    "AuthorId": "18"
  },
  {
    "ID": "1270",
    "RFPQuestion": "&lt;div class=&quot;ExternalClass173EC2464C8B49D48D2A12072DA3872E&quot;&gt;&lt;div&gt;Is the Applicant a subsidiary of another company as defined by Section 736(1) of the Companies Act 1985? If YES, give the following details in respect of the Holding/Parent company&amp;#58; Registered Name - Registered Office address - Registration Number&lt;/div&gt;&lt;/div&gt;",
    "AssignedTo": "",
    "AssignedToId": "",
    "Author": "Md Yaden,MFB,Fauzi,TAQ3 R",
    "AuthorId": "18"
  },
  {
    "ID": "1271",
    "RFPQuestion": "&lt;div class=&quot;ExternalClass549115984D4B471D8038E9E1676374C6&quot;&gt;&lt;div&gt;Please give details of any changes of ownership in the last 3 years&lt;/div&gt;&lt;/div&gt;",
    "AssignedTo": "",
    "AssignedToId": "",
    "Author": "Md Yaden,MFB,Fauzi,TAQ3 R",
    "AuthorId": "18"
  },
  {
    "ID": "1272",
    "RFPQuestion": "&lt;div class=&quot;ExternalClassB7F412347A894447A054AB3765956121&quot;&gt;&lt;div&gt;What is the date of your Company Registration?&lt;/div&gt;&lt;/div&gt;",
    "AssignedTo": "",
    "AssignedToId": "",
    "Author": "Md Yaden,MFB,Fauzi,TAQ3 R",
    "AuthorId": "18"
  },
  {
    "ID": "1273",
    "RFPQuestion": "&lt;div class=&quot;ExternalClass921AF09BC10646FD8D841CA863B8FDD6&quot;&gt;&lt;div&gt;VAT Registration number&amp;#58;&lt;/div&gt;&lt;/div&gt;",
    "AssignedTo": "",
    "AssignedToId": "",
    "Author": "Md Yaden,MFB,Fauzi,TAQ3 R",
    "AuthorId": "18"
  },
  {
    "ID": "1274",
    "RFPQuestion": "&lt;div class=&quot;ExternalClass95193DE9511D4281945E3F00B2E0B65F&quot;&gt;&lt;div&gt;What was your turnover in the last two years (if this applies)?&lt;/div&gt;&lt;/div&gt;",
    "AssignedTo": "",
    "AssignedToId": "",
    "Author": "Md Yaden,MFB,Fauzi,TAQ3 R",
    "AuthorId": "18"
  },
  {
    "ID": "1275",
    "RFPQuestion": "&lt;div class=&quot;ExternalClassD6CFBA057AD24FEA818944CF7FCF67CD&quot;&gt;&lt;div&gt;The supplier shall describe their account management process, and include details on operational and performance meetings, escalation processes, knowledge transfer and technology updates.&lt;/div&gt;&lt;/div&gt;",
    "AssignedTo": "",
    "AssignedToId": "",
    "Author": "Md Yaden,MFB,Fauzi,TAQ3 R",
    "AuthorId": "18"
  },
  {
    "ID": "1276",
    "RFPQuestion": "&lt;div class=&quot;ExternalClass387FE255F229450C870069035391BDB8&quot;&gt;&lt;div&gt;Please describe the process that will be used for handling Contracting Body and Authority complaints to resolution, including timescales and escalation paths.&lt;/div&gt;&lt;/div&gt;",
    "AssignedTo": "",
    "AssignedToId": "",
    "Author": "Md Yaden,MFB,Fauzi,TAQ3 R",
    "AuthorId": "18"
  },
  {
    "ID": "1277",
    "RFPQuestion": "&lt;div class=&quot;ExternalClass275321934694442E8FB9F6303E77F8E3&quot;&gt;&lt;div&gt;We would want to have access to Technical Architects within this Account Management framework to share knowledge and focus on continual improvement. Please confirm you can meet this requirement and how access will be provided.&lt;/div&gt;&lt;/div&gt;",
    "AssignedTo": "",
    "AssignedToId": "",
    "Author": "Md Yaden,MFB,Fauzi,TAQ3 R",
    "AuthorId": "18"
  },
  {
    "ID": "1278",
    "RFPQuestion": "&lt;div class=&quot;ExternalClassCEC1A802448947C3A72D32EA6A4BC2AB&quot;&gt;&lt;div&gt;What is your policy to ensure fair and ethical labour practices?&lt;/div&gt;&lt;/div&gt;",
    "AssignedTo": "",
    "AssignedToId": "",
    "Author": "Md Yaden,MFB,Fauzi,TAQ3 R",
    "AuthorId": "18"
  },
  {
    "ID": "1279",
    "RFPQuestion": "&lt;div class=&quot;ExternalClass9DBF3F7DB18942A88834914B618D49E3&quot;&gt;&lt;div&gt;How do we govern our CR activities&lt;/div&gt;&lt;/div&gt;",
    "AssignedTo": "",
    "AssignedToId": "",
    "Author": "Md Yaden,MFB,Fauzi,TAQ3 R",
    "AuthorId": "18"
  },
  {
    "ID": "1280",
    "RFPQuestion": "&lt;div class=&quot;ExternalClass2CF1262562A6469BA94C1F12B20B5093&quot;&gt;&lt;div&gt;How do we govern our Corporate Responsibility activities&lt;/div&gt;&lt;/div&gt;",
    "AssignedTo": "",
    "AssignedToId": "",
    "Author": "Md Yaden,MFB,Fauzi,TAQ3 R",
    "AuthorId": "18"
  },
  {
    "ID": "1281",
    "RFPQuestion": "&lt;div class=&quot;ExternalClassB17D6C90D37F4FA3BE690372286CDC9A&quot;&gt;&lt;div&gt;How do you monitor the behaviour of your employees and what controls do you have in place &lt;/div&gt;&lt;/div&gt;",
    "AssignedTo": "",
    "AssignedToId": "",
    "Author": "Md Yaden,MFB,Fauzi,TAQ3 R",
    "AuthorId": "18"
  },
  {
    "ID": "1282",
    "RFPQuestion": "&lt;div class=&quot;ExternalClassD131A9935A124EC4923521A62B2F13C7&quot;&gt;&lt;div&gt;Are you aware of any allegations of bribery and corruption within or against your firm?&amp;#160; If so please provide details.&lt;/div&gt;&lt;/div&gt;",
    "AssignedTo": "",
    "AssignedToId": "",
    "Author": "Md Yaden,MFB,Fauzi,TAQ3 R",
    "AuthorId": "18"
  },
  {
    "ID": "1283",
    "RFPQuestion": "&lt;div class=&quot;ExternalClass08829896EF9E417F80E03A9321188F44&quot;&gt;&lt;div&gt;Please provide details of any training conducted, to ensure that staff are aware and compliant with legal requirements.&lt;/div&gt;&lt;/div&gt;",
    "AssignedTo": "",
    "AssignedToId": "",
    "Author": "Md Yaden,MFB,Fauzi,TAQ3 R",
    "AuthorId": "18"
  },
  {
    "ID": "1284",
    "RFPQuestion": "&lt;div class=&quot;ExternalClass2CA4D7F88C89490B908C0AF4D61DFBA0&quot;&gt;&lt;div&gt;Do you have a whistle blowing channel?&lt;/div&gt;&lt;/div&gt;",
    "AssignedTo": "",
    "AssignedToId": "",
    "Author": "Md Yaden,MFB,Fauzi,TAQ3 R",
    "AuthorId": "18"
  },
  {
    "ID": "1285",
    "RFPQuestion": "&lt;div class=&quot;ExternalClass20717E44CEDB4FE68BD9A920007108A2&quot;&gt;&lt;div&gt;Have you conducted a risk assessment to understand the level of risk of bribery your organisation may be open to?&amp;#160; If yes, please provide evidence of the risk assessment and detail of any steps taken to address gaps found (if any).&lt;/div&gt;&lt;/div&gt;",
    "AssignedTo": "",
    "AssignedToId": "",
    "Author": "Md Yaden,MFB,Fauzi,TAQ3 R",
    "AuthorId": "18"
  },
  {
    "ID": "1286",
    "RFPQuestion": "&lt;div class=&quot;ExternalClassDBA4308F423A40F08F98958B3F9B9995&quot;&gt;&lt;div&gt;If outside the UK, please confirm that your company complies with local Anti-Bribery &amp;amp; Corruption legislation.&lt;/div&gt;&lt;/div&gt;",
    "AssignedTo": "",
    "AssignedToId": "",
    "Author": "Md Yaden,MFB,Fauzi,TAQ3 R",
    "AuthorId": "18"
  },
  {
    "ID": "1287",
    "RFPQuestion": "&lt;div class=&quot;ExternalClassB3A93688EFDD42508D5FFE4D4B941329&quot;&gt;&lt;div&gt;Provide your Corporate Social Responsibility policy&lt;/div&gt;&lt;/div&gt;",
    "AssignedTo": "",
    "AssignedToId": "",
    "Author": "Md Yaden,MFB,Fauzi,TAQ3 R",
    "AuthorId": "18"
  },
  {
    "ID": "1288",
    "RFPQuestion": "&lt;div class=&quot;ExternalClass70680B8609754228B0A0CE480D967BDC&quot;&gt;&lt;div&gt;If within the UK, please confirm that your company complies with the UK Bribery Act 2010&amp;#160; &lt;/div&gt;&lt;/div&gt;",
    "AssignedTo": "",
    "AssignedToId": "",
    "Author": "Md Yaden,MFB,Fauzi,TAQ3 R",
    "AuthorId": "18"
  },
  {
    "ID": "1289",
    "RFPQuestion": "&lt;div class=&quot;ExternalClassDC432F3749104D48B57C764771D5A98C&quot;&gt;&lt;div&gt;How do you ensure your supply chain is compliant with your corporate responsibility standards?&lt;/div&gt;&lt;/div&gt;",
    "AssignedTo": "",
    "AssignedToId": "",
    "Author": "Md Yaden,MFB,Fauzi,TAQ3 R",
    "AuthorId": "18"
  },
  {
    "ID": "1290",
    "RFPQuestion": "&lt;div class=&quot;ExternalClass8DD2E663C8D04BF8AB0996EFA3D0C5D7&quot;&gt;&lt;div&gt;Has your organisation signed up to the UN&#39;s Global Compact?&lt;/div&gt;&lt;/div&gt;",
    "AssignedTo": "",
    "AssignedToId": "",
    "Author": "Md Yaden,MFB,Fauzi,TAQ3 R",
    "AuthorId": "18"
  },
  {
    "ID": "1291",
    "RFPQuestion": "&lt;div class=&quot;ExternalClass7505D06E7FC74449962E549127CC08A2&quot;&gt;&lt;div&gt;What is your Human Rights Policy?&lt;/div&gt;&lt;/div&gt;",
    "AssignedTo": "",
    "AssignedToId": "",
    "Author": "Md Yaden,MFB,Fauzi,TAQ3 R",
    "AuthorId": "18"
  },
  {
    "ID": "1292",
    "RFPQuestion": "&lt;div class=&quot;ExternalClass74EE1F6F3539400B9A6E5A67DF3A927A&quot;&gt;&lt;div&gt;What is your policy on protecting customer data?&lt;/div&gt;&lt;/div&gt;",
    "AssignedTo": "",
    "AssignedToId": "",
    "Author": "Md Yaden,MFB,Fauzi,TAQ3 R",
    "AuthorId": "18"
  },
  {
    "ID": "1293",
    "RFPQuestion": "&lt;div class=&quot;ExternalClassEE053959BC1A4C6EB93875FBB7E5CEED&quot;&gt;&lt;div&gt;How do you ensure the privacy of your customers?&lt;/div&gt;&lt;/div&gt;",
    "AssignedTo": "",
    "AssignedToId": "",
    "Author": "Md Yaden,MFB,Fauzi,TAQ3 R",
    "AuthorId": "18"
  },
  {
    "ID": "1294",
    "RFPQuestion": "&lt;div class=&quot;ExternalClassC5CAA831FF5E4939B751C2623506BD7F&quot;&gt;&lt;div&gt;Please describe your Customer Service Centres (including geographical locations, languages supported, interaction and incident volumes).&lt;/div&gt;&lt;/div&gt;",
    "AssignedTo": "",
    "AssignedToId": "",
    "Author": "Md Yaden,MFB,Fauzi,TAQ3 R",
    "AuthorId": "18"
  },
  {
    "ID": "1295",
    "RFPQuestion": "&lt;div class=&quot;ExternalClass9477D05AFC84462BAA6358E378D0F515&quot;&gt;&lt;div&gt;What channels of support are available, phone and or on-line, and the process which we would need to undertake a call?&lt;/div&gt;&lt;/div&gt;",
    "AssignedTo": "",
    "AssignedToId": "",
    "Author": "Md Yaden,MFB,Fauzi,TAQ3 R",
    "AuthorId": "18"
  },
  {
    "ID": "1296",
    "RFPQuestion": "&lt;div class=&quot;ExternalClass0DB8A896F3764E8A9BC9A0357B55C68C&quot;&gt;&lt;div&gt;Detail any escalation procedures for priority calls or calls outstanding.&lt;/div&gt;&lt;/div&gt;",
    "AssignedTo": "",
    "AssignedToId": "",
    "Author": "Md Yaden,MFB,Fauzi,TAQ3 R",
    "AuthorId": "18"
  },
  {
    "ID": "1297",
    "RFPQuestion": "&lt;div class=&quot;ExternalClassFF6AE22EBC094FB9972B8775CA764E42&quot;&gt;&lt;div&gt;Are your support services available Monday to Friday, 9am to 5pm?&lt;/div&gt;&lt;/div&gt;",
    "AssignedTo": "",
    "AssignedToId": "",
    "Author": "Md Yaden,MFB,Fauzi,TAQ3 R",
    "AuthorId": "18"
  },
  {
    "ID": "1298",
    "RFPQuestion": "&lt;div class=&quot;ExternalClass8CAA898AB3D24FE7B0B23E6B6688D43B&quot;&gt;&lt;div&gt;Are your support services available Monday to Friday, 9am to 5pm?&lt;/div&gt;&lt;/div&gt;",
    "AssignedTo": "",
    "AssignedToId": "",
    "Author": "Md Yaden,MFB,Fauzi,TAQ3 R",
    "AuthorId": "18"
  },
  {
    "ID": "1299",
    "RFPQuestion": "&lt;div class=&quot;ExternalClass241CD6F639D44376B8421AD0FA8D9C9B&quot;&gt;&lt;div&gt;What channels of support are available, phone and or on-line, and the process which we would need to undertake a call?&lt;/div&gt;&lt;/div&gt;",
    "AssignedTo": "",
    "AssignedToId": "",
    "Author": "Md Yaden,MFB,Fauzi,TAQ3 R",
    "AuthorId": "18"
  },
  {
    "ID": "1300",
    "RFPQuestion": "&lt;div class=&quot;ExternalClass17A027242F314DF49F262B5C97DE5A04&quot;&gt;&lt;div&gt;Detail any escalation procedures for priority calls or calls outstanding.&lt;/div&gt;&lt;/div&gt;",
    "AssignedTo": "",
    "AssignedToId": "",
    "Author": "Md Yaden,MFB,Fauzi,TAQ3 R",
    "AuthorId": "18"
  },
  {
    "ID": "1301",
    "RFPQuestion": "&lt;div class=&quot;ExternalClassC9A4BDEA4C744DB19770CACBE13BE335&quot;&gt;&lt;div&gt;What is your approach to sustainable procurement&lt;/div&gt;&lt;/div&gt;",
    "AssignedTo": "",
    "AssignedToId": "",
    "Author": "Md Yaden,MFB,Fauzi,TAQ3 R",
    "AuthorId": "18"
  },
  {
    "ID": "1302",
    "RFPQuestion": "&lt;div class=&quot;ExternalClass910E448B2A104679B5FF5FD3620EADFE&quot;&gt;&lt;div&gt;Describe what, if any environmental or &#39;green&#39; policy and/or Environmental Management System the supplier has, and if applicable what accreditation such system(s) have.&lt;/div&gt;&lt;/div&gt;",
    "AssignedTo": "",
    "AssignedToId": "",
    "Author": "Md Yaden,MFB,Fauzi,TAQ3 R",
    "AuthorId": "18"
  },
  {
    "ID": "1303",
    "RFPQuestion": "&lt;div class=&quot;ExternalClass29EDD6982B2445E5B43F06022CFC8440&quot;&gt;&lt;div&gt;Does BT have an Environmental Policy&lt;/div&gt;&lt;/div&gt;",
    "AssignedTo": "",
    "AssignedToId": "",
    "Author": "Md Yaden,MFB,Fauzi,TAQ3 R",
    "AuthorId": "18"
  },
  {
    "ID": "1304",
    "RFPQuestion": "&lt;div class=&quot;ExternalClass320E58885D6A4CB5A85D7BD33B429351&quot;&gt;&lt;div&gt;What is BT Environmental Policy&lt;/div&gt;&lt;/div&gt;",
    "AssignedTo": "",
    "AssignedToId": "",
    "Author": "Md Yaden,MFB,Fauzi,TAQ3 R",
    "AuthorId": "18"
  },
  {
    "ID": "1305",
    "RFPQuestion": "&lt;div class=&quot;ExternalClassB7415212F8EB43D98AD31B80D00ACF55&quot;&gt;&lt;div&gt;Are you legally compliant with all environmental legislation and how do you ensure you are&lt;/div&gt;&lt;/div&gt;",
    "AssignedTo": "",
    "AssignedToId": "",
    "Author": "Md Yaden,MFB,Fauzi,TAQ3 R",
    "AuthorId": "18"
  },
  {
    "ID": "1306",
    "RFPQuestion": "&lt;div class=&quot;ExternalClassB598EA22BF194159B6B0759C6E95F582&quot;&gt;&lt;div&gt;Where can I find Sustainability report &lt;/div&gt;&lt;/div&gt;",
    "AssignedTo": "",
    "AssignedToId": "",
    "Author": "Md Yaden,MFB,Fauzi,TAQ3 R",
    "AuthorId": "18"
  },
  {
    "ID": "1307",
    "RFPQuestion": "&lt;div class=&quot;ExternalClass097B4E4F4CD342CB8009DADA3B0BA4C9&quot;&gt;&lt;div&gt;In the last 12 months, has your organisation measured the total volume of waste generated, reused, recycled, composted, incinerated or sent to landfill provide details in tonnes? &lt;/div&gt;&lt;/div&gt;",
    "AssignedTo": "",
    "AssignedToId": "",
    "Author": "Md Yaden,MFB,Fauzi,TAQ3 R",
    "AuthorId": "18"
  },
  {
    "ID": "1308",
    "RFPQuestion": "&lt;div class=&quot;ExternalClassEBD6C5BBCCD54FA780262626DE9742DE&quot;&gt;&lt;div&gt;Has this target been achieved?&lt;/div&gt;&lt;/div&gt;",
    "AssignedTo": "",
    "AssignedToId": "",
    "Author": "Md Yaden,MFB,Fauzi,TAQ3 R",
    "AuthorId": "18"
  },
  {
    "ID": "1309",
    "RFPQuestion": "&lt;div class=&quot;ExternalClass08EC741E93014EEC9F2280AC7CA4610E&quot;&gt;&lt;div&gt;Is BT’s Environmental Management System certified to international standard ISO14001?&lt;/div&gt;&lt;/div&gt;",
    "AssignedTo": "",
    "AssignedToId": "",
    "Author": "Md Yaden,MFB,Fauzi,TAQ3 R",
    "AuthorId": "18"
  },
  {
    "ID": "1310",
    "RFPQuestion": "&lt;div class=&quot;ExternalClassBCB5C996C0C144A1875090FEFA8D66CB&quot;&gt;&lt;div&gt;How do you measure your environmental performance?&lt;/div&gt;&lt;/div&gt;",
    "AssignedTo": "",
    "AssignedToId": "",
    "Author": "Md Yaden,MFB,Fauzi,TAQ3 R",
    "AuthorId": "18"
  },
  {
    "ID": "1311",
    "RFPQuestion": "&lt;div class=&quot;ExternalClass6D54469096184EF7ADB0497DB43BAC33&quot;&gt;&lt;div&gt;Ultimate responsibility for Environmental policy&lt;/div&gt;&lt;/div&gt;",
    "AssignedTo": "",
    "AssignedToId": "",
    "Author": "Md Yaden,MFB,Fauzi,TAQ3 R",
    "AuthorId": "18"
  },
  {
    "ID": "1312",
    "RFPQuestion": "&lt;div class=&quot;ExternalClass4C683CB9F87B4BDEB75B4A02BF9FC4B5&quot;&gt;&lt;div&gt;Has your organisation set any targets to increase recycling rates in the last 12 months?&lt;/div&gt;&lt;/div&gt;",
    "AssignedTo": "",
    "AssignedToId": "",
    "Author": "Md Yaden,MFB,Fauzi,TAQ3 R",
    "AuthorId": "18"
  },
  {
    "ID": "1313",
    "RFPQuestion": "&lt;div class=&quot;ExternalClassFA6911C38FF04F8386655F8FC1E29422&quot;&gt;&lt;div&gt;Does BT have an Environmental Management System (EMS) in place?&lt;/div&gt;&lt;/div&gt;",
    "AssignedTo": "",
    "AssignedToId": "",
    "Author": "Md Yaden,MFB,Fauzi,TAQ3 R",
    "AuthorId": "18"
  },
  {
    "ID": "1314",
    "RFPQuestion": "&lt;div class=&quot;ExternalClass1E87BAC1B0374AF3B10ED0C86A0F7E62&quot;&gt;&lt;div&gt;Please describe what processes you have for providing energy efficiency information to Contracting Bodies to enable them to make informed decisions about the energy usage implications on the total cost of ownership of the products.&lt;/div&gt;&lt;/div&gt;",
    "AssignedTo": "",
    "AssignedToId": "",
    "Author": "Md Yaden,MFB,Fauzi,TAQ3 R",
    "AuthorId": "18"
  },
  {
    "ID": "1315",
    "RFPQuestion": "&lt;div class=&quot;ExternalClass6B3C41B16E4C4C27BBF3A0A865F67F18&quot;&gt;&lt;div&gt;Provide figures for BT waste and recycling &lt;/div&gt;&lt;/div&gt;",
    "AssignedTo": "",
    "AssignedToId": "",
    "Author": "Md Yaden,MFB,Fauzi,TAQ3 R",
    "AuthorId": "18"
  },
  {
    "ID": "1316",
    "RFPQuestion": "&lt;div class=&quot;ExternalClassBA3C70A4E17B405A92654A106BD508DA&quot;&gt;&lt;div&gt;What is&amp;#160; BT’s approach to Sustainability?&lt;/div&gt;&lt;/div&gt;",
    "AssignedTo": "",
    "AssignedToId": "",
    "Author": "Md Yaden,MFB,Fauzi,TAQ3 R",
    "AuthorId": "18"
  },
  {
    "ID": "1317",
    "RFPQuestion": "&lt;div class=&quot;ExternalClass307D4D1993634C0D8266BE4894C33E8D&quot;&gt;&lt;div&gt;Has BT&amp;#160; been convicted of breaching environmental legislation, or had any notice served upon it, in the last three years by any environmental regulator or authority (including local authority)?&lt;/div&gt;&lt;/div&gt;",
    "AssignedTo": "",
    "AssignedToId": "",
    "Author": "Md Yaden,MFB,Fauzi,TAQ3 R",
    "AuthorId": "18"
  },
  {
    "ID": "1318",
    "RFPQuestion": "&lt;div class=&quot;ExternalClassC47319D5EFCA4F08940597189C82CE20&quot;&gt;&lt;div&gt;Has your Organisation been subject of an improvement notice in relation to environmental regulations within the last ten years?…&lt;/div&gt;&lt;/div&gt;",
    "AssignedTo": "",
    "AssignedToId": "",
    "Author": "Md Yaden,MFB,Fauzi,TAQ3 R",
    "AuthorId": "18"
  },
  {
    "ID": "1319",
    "RFPQuestion": "&lt;div class=&quot;ExternalClass735EC89623BE4C6E931AFD56521FE77F&quot;&gt;&lt;div&gt;Describe your organisations approach to sustainable development and how this will help us to meet its vision.&lt;br&gt;&lt;br&gt;How do/will you use electronic systems to minimise your impact on the environment?&lt;/div&gt;&lt;/div&gt;",
    "AssignedTo": "",
    "AssignedToId": "",
    "Author": "Md Yaden,MFB,Fauzi,TAQ3 R",
    "AuthorId": "18"
  },
  {
    "ID": "1320",
    "RFPQuestion": "&lt;div class=&quot;ExternalClass50005FB35B694B14A5D3E91E78F34286&quot;&gt;&lt;div&gt;Does your organisation produce, recover or dispose of hazardous waste?&lt;/div&gt;&lt;/div&gt;",
    "AssignedTo": "",
    "AssignedToId": "",
    "Author": "Md Yaden,MFB,Fauzi,TAQ3 R",
    "AuthorId": "18"
  },
  {
    "ID": "1321",
    "RFPQuestion": "&lt;div class=&quot;ExternalClass291919C441D44DFE96ACAF0613EB987B&quot;&gt;&lt;div&gt;Why is it important to reduce greenhouse gas emissions&lt;/div&gt;&lt;/div&gt;",
    "AssignedTo": "",
    "AssignedToId": "",
    "Author": "Md Yaden,MFB,Fauzi,TAQ3 R",
    "AuthorId": "18"
  },
  {
    "ID": "1322",
    "RFPQuestion": "&lt;div class=&quot;ExternalClass7042F3599C804D6FBD59DE5CD0D8CB18&quot;&gt;&lt;div&gt;Does your organisation have a policy related to tackling climate change? If the answer is yes, please provide details.&lt;/div&gt;&lt;/div&gt;",
    "AssignedTo": "",
    "AssignedToId": "",
    "Author": "Md Yaden,MFB,Fauzi,TAQ3 R",
    "AuthorId": "18"
  },
  {
    "ID": "1323",
    "RFPQuestion": "&lt;div class=&quot;ExternalClassAFF232BACC0A4119B18BB8BE5A8B98FF&quot;&gt;&lt;div&gt;Do you have arrangements for ensuring that any suppliers you engage apply environmental protection measures that are appropriate to the work for which they are being engaged. If the answer is yes, please provide details.&lt;/div&gt;&lt;/div&gt;",
    "AssignedTo": "",
    "AssignedToId": "",
    "Author": "Md Yaden,MFB,Fauzi,TAQ3 R",
    "AuthorId": "18"
  },
  {
    "ID": "1324",
    "RFPQuestion": "&lt;div class=&quot;ExternalClass34AABB7B99F444BA8E6A597466FD39FE&quot;&gt;&lt;div&gt;Does your organisation set environmental objectives?&lt;/div&gt;&lt;/div&gt;",
    "AssignedTo": "",
    "AssignedToId": "",
    "Author": "Md Yaden,MFB,Fauzi,TAQ3 R",
    "AuthorId": "18"
  },
  {
    "ID": "1325",
    "RFPQuestion": "&lt;div class=&quot;ExternalClassB94A3C9241D24E7481C099C32593C9F8&quot;&gt;&lt;div&gt;Does your organisation assess/audit the overall carbon footprint of its operations/activities/services etc. If yes, have you set a carbon reduction target and do you assess the impact of other emissions if applicable? Please provide details.&lt;/div&gt;&lt;/div&gt;",
    "AssignedTo": "",
    "AssignedToId": "",
    "Author": "Md Yaden,MFB,Fauzi,TAQ3 R",
    "AuthorId": "18"
  },
  {
    "ID": "1326",
    "RFPQuestion": "&lt;div class=&quot;ExternalClass5B3D71D66951404DAF14B2264980529C&quot;&gt;&lt;div&gt;Does your organisation assess/audit the carbon impact of individual goods/services that it provides and seek to deliver the lowest carbon solution. If the answer is yes, please provide details&lt;/div&gt;&lt;/div&gt;",
    "AssignedTo": "",
    "AssignedToId": "",
    "Author": "Md Yaden,MFB,Fauzi,TAQ3 R",
    "AuthorId": "18"
  },
  {
    "ID": "1327",
    "RFPQuestion": "&lt;div class=&quot;ExternalClassF0A7958AD85B4BE6BDA3D6902BDFE065&quot;&gt;&lt;div&gt;Does your organisation have an environmental management system?&lt;/div&gt;&lt;/div&gt;",
    "AssignedTo": "",
    "AssignedToId": "",
    "Author": "Md Yaden,MFB,Fauzi,TAQ3 R",
    "AuthorId": "18"
  },
  {
    "ID": "1328",
    "RFPQuestion": "&lt;div class=&quot;ExternalClassC9BB81FDEF794EA5AEC6E2F8D973B614&quot;&gt;&lt;div&gt;Does your organisation have a Corporate Social Responsibility (CSR) policy/strategy?&amp;#160; If yes is this regularly reviewed?&amp;#160; If the answer is yes, please provide details.&lt;/div&gt;&lt;/div&gt;",
    "AssignedTo": "",
    "AssignedToId": "",
    "Author": "Md Yaden,MFB,Fauzi,TAQ3 R",
    "AuthorId": "18"
  },
  {
    "ID": "1329",
    "RFPQuestion": "&lt;div class=&quot;ExternalClassBFFA0988181B45D8B08C1F7564711774&quot;&gt;&lt;div&gt;Do you have documented arrangements for ensuring that your environmental Management procedures are effective in reducing/preventing significant impacts on the environment? If the answer is yes, please provide details&lt;/div&gt;&lt;/div&gt;",
    "AssignedTo": "",
    "AssignedToId": "",
    "Author": "Md Yaden,MFB,Fauzi,TAQ3 R",
    "AuthorId": "18"
  },
  {
    "ID": "1330",
    "RFPQuestion": "&lt;div class=&quot;ExternalClassFC3E6F999D354D50921401589A6A251E&quot;&gt;&lt;div&gt;Can a customer or potential customer see copies of our Audit Reports? &lt;/div&gt;&lt;/div&gt;",
    "AssignedTo": "",
    "AssignedToId": "",
    "Author": "Md Yaden,MFB,Fauzi,TAQ3 R",
    "AuthorId": "18"
  },
  {
    "ID": "1331",
    "RFPQuestion": "&lt;div class=&quot;ExternalClassE98132DC8C3B4CCC9A1AA397C4EEA43A&quot;&gt;&lt;div&gt;Is the Corporate Social Responsibility policy/strategy publicly available?&amp;#160; If it is yes please state where&lt;/div&gt;&lt;/div&gt;",
    "AssignedTo": "",
    "AssignedToId": "",
    "Author": "Md Yaden,MFB,Fauzi,TAQ3 R",
    "AuthorId": "18"
  },
  {
    "ID": "1332",
    "RFPQuestion": "&lt;div class=&quot;ExternalClass95E6A88736CE49729CD93A070D316E56&quot;&gt;&lt;div&gt;What is your Equality and Diversity Policy?&lt;/div&gt;&lt;/div&gt;",
    "AssignedTo": "",
    "AssignedToId": "",
    "Author": "Md Yaden,MFB,Fauzi,TAQ3 R",
    "AuthorId": "18"
  },
  {
    "ID": "1333",
    "RFPQuestion": "&lt;div class=&quot;ExternalClassB2074224F01D4F6291443ADC3B38B45D&quot;&gt;&lt;div&gt;Please provide a full breakdown by ethnic origin of all staff currently employed in your organisation.&lt;/div&gt;&lt;/div&gt;",
    "AssignedTo": "",
    "AssignedToId": "",
    "Author": "Md Yaden,MFB,Fauzi,TAQ3 R",
    "AuthorId": "18"
  },
  {
    "ID": "1334",
    "RFPQuestion": "&lt;div class=&quot;ExternalClassC5BDB0DCD2044D5CBDF06CE67010E74C&quot;&gt;&lt;div&gt; Equal Opportunity and Diversity Policy?&lt;/div&gt;&lt;/div&gt;",
    "AssignedTo": "",
    "AssignedToId": "",
    "Author": "Md Yaden,MFB,Fauzi,TAQ3 R",
    "AuthorId": "18"
  },
  {
    "ID": "1335",
    "RFPQuestion": "&lt;div class=&quot;ExternalClassA1C82DFE2ECA4C98B047358AF0E2A1B4&quot;&gt;&lt;div&gt;Has your Organisation been subject of formal investigation by the Commission for Racial Equality, Equal Opportunities Commission or Disability Rights Commission promoting equal opportunity on grounds of alleged unlawful discrimination in the last 5 years?&lt;/div&gt;&lt;/div&gt;",
    "AssignedTo": "",
    "AssignedToId": "",
    "Author": "Md Yaden,MFB,Fauzi,TAQ3 R",
    "AuthorId": "18"
  },
  {
    "ID": "1336",
    "RFPQuestion": "&lt;div class=&quot;ExternalClass47E803E9C7B94E0C8536F8C1AFD7C6F2&quot;&gt;&lt;div&gt;Does an individual at board level within your organisation have overall responsibility for equality and diversity? &lt;/div&gt;&lt;/div&gt;",
    "AssignedTo": "",
    "AssignedToId": "",
    "Author": "Md Yaden,MFB,Fauzi,TAQ3 R",
    "AuthorId": "18"
  },
  {
    "ID": "1337",
    "RFPQuestion": "&lt;div class=&quot;ExternalClass5643F372D191453189BC6728DAFF0519&quot;&gt;&lt;div&gt;Please confirm that your organisation complies with the OECD Anti-Bribery Convention and any relevant national implementing legislation. Please outline any measures taken by your organisation to avoid bribery or corrupt practices in the operation&lt;/div&gt;&lt;/div&gt;",
    "AssignedTo": "",
    "AssignedToId": "",
    "Author": "Md Yaden,MFB,Fauzi,TAQ3 R",
    "AuthorId": "18"
  },
  {
    "ID": "1338",
    "RFPQuestion": "&lt;div class=&quot;ExternalClassB6D8D6DBDC324762B825A342F5151FAD&quot;&gt;&lt;div&gt;Does your organisation comply with its obligations under the Equality Act (2010).&lt;/div&gt;&lt;/div&gt;",
    "AssignedTo": "",
    "AssignedToId": "",
    "Author": "Md Yaden,MFB,Fauzi,TAQ3 R",
    "AuthorId": "18"
  },
  {
    "ID": "1339",
    "RFPQuestion": "&lt;div class=&quot;ExternalClassE4A1D2F3954F437DAFB4A0BEE3ADF904&quot;&gt;&lt;div&gt;full copies of the BT plc and BT Group plc Annual Report and Accounts&lt;/div&gt;&lt;/div&gt;",
    "AssignedTo": "",
    "AssignedToId": "",
    "Author": "Md Yaden,MFB,Fauzi,TAQ3 R",
    "AuthorId": "18"
  },
  {
    "ID": "1340",
    "RFPQuestion": "&lt;div class=&quot;ExternalClass692329886E7C4AEE9FA7E216309E6BD7&quot;&gt;&lt;div&gt;Please provide the latest financial reports&lt;/div&gt;&lt;/div&gt;",
    "AssignedTo": "",
    "AssignedToId": "",
    "Author": "Md Yaden,MFB,Fauzi,TAQ3 R",
    "AuthorId": "18"
  },
  {
    "ID": "1341",
    "RFPQuestion": "&lt;div class=&quot;ExternalClass1FE88C9ACE2042708379AF1801542286&quot;&gt;&lt;div&gt;Please provide copies of your last three years’&lt;/div&gt;&lt;/div&gt;",
    "AssignedTo": "",
    "AssignedToId": "",
    "Author": "Md Yaden,MFB,Fauzi,TAQ3 R",
    "AuthorId": "18"
  },
  {
    "ID": "1342",
    "RFPQuestion": "&lt;div class=&quot;ExternalClass2ABBD110052D44E8AFAE9503A26676DD&quot;&gt;&lt;div&gt;Please provide the Key Financial Figures all figures to be in GBP for the last three years of trading or for the period that is available if trading for less than three years for each Bidder and Lead Organisation and any Relevant Organisation&lt;/div&gt;&lt;/div&gt;",
    "AssignedTo": "",
    "AssignedToId": "",
    "Author": "Md Yaden,MFB,Fauzi,TAQ3 R",
    "AuthorId": "18"
  },
  {
    "ID": "1343",
    "RFPQuestion": "&lt;div class=&quot;ExternalClass9008FB27DDE8422BB26EADD9626A38F5&quot;&gt;&lt;div&gt;Please enclose a copy of your organisation’s last 3 years summary audited accounts. This should include&amp;#58; Balance Sheet, Profit &amp;amp; Loss Account.&lt;br&gt;&lt;br&gt;&lt;br&gt;&lt;br&gt;Provide archived financial reports.&lt;br&gt;&lt;br&gt;&lt;/div&gt;&lt;/div&gt;",
    "AssignedTo": "",
    "AssignedToId": "",
    "Author": "Md Yaden,MFB,Fauzi,TAQ3 R",
    "AuthorId": "18"
  },
  {
    "ID": "1344",
    "RFPQuestion": "&lt;div class=&quot;ExternalClassF8E8235DFA2140E0AAD95F475E066B05&quot;&gt;&lt;div&gt;Who does BT Bank with and Point of Reference&lt;/div&gt;&lt;/div&gt;",
    "AssignedTo": "",
    "AssignedToId": "",
    "Author": "Md Yaden,MFB,Fauzi,TAQ3 R",
    "AuthorId": "18"
  },
  {
    "ID": "1345",
    "RFPQuestion": "&lt;div class=&quot;ExternalClass1BDBA8093E0C404B88FF57001DC1A9EE&quot;&gt;&lt;div&gt;Please confirm that your organisation complies with the OECD Anti-Bribery Convention and any relevant national implementing legislation. Please outline any measures taken by your organisation to avoid bribery or corrupt practices in the operation&lt;/div&gt;&lt;/div&gt;",
    "AssignedTo": "",
    "AssignedToId": "",
    "Author": "Md Yaden,MFB,Fauzi,TAQ3 R",
    "AuthorId": "18"
  },
  {
    "ID": "1346",
    "RFPQuestion": "&lt;div class=&quot;ExternalClassFBE4B7C99958461EBEAF24D8660E8BD8&quot;&gt;&lt;div&gt;What are your Annual Revenues, Turnover, Profit and Assets for the previous 5 years?&lt;/div&gt;&lt;/div&gt;",
    "AssignedTo": "",
    "AssignedToId": "",
    "Author": "Md Yaden,MFB,Fauzi,TAQ3 R",
    "AuthorId": "18"
  },
  {
    "ID": "1347",
    "RFPQuestion": "&lt;div class=&quot;ExternalClass54E864B1661042CF81077C53575253DF&quot;&gt;&lt;div&gt;What is your company’s track record on health and safety issues&lt;/div&gt;&lt;/div&gt;",
    "AssignedTo": "",
    "AssignedToId": "",
    "Author": "Md Yaden,MFB,Fauzi,TAQ3 R",
    "AuthorId": "18"
  },
  {
    "ID": "1348",
    "RFPQuestion": "&lt;div class=&quot;ExternalClassEF4869DD3A724393A1EBF6DD638D7525&quot;&gt;&lt;div&gt;Give the named person or organisation from which competent Health and Safety advice or assistance is obtained.&lt;br&gt;&lt;br&gt;Give details of the relevant training, experience, expertise and knowledge, qualifications and any other qualities BT Response&lt;/div&gt;&lt;/div&gt;",
    "AssignedTo": "",
    "AssignedToId": "",
    "Author": "Md Yaden,MFB,Fauzi,TAQ3 R",
    "AuthorId": "18"
  },
  {
    "ID": "1349",
    "RFPQuestion": "&lt;div class=&quot;ExternalClassB68E90CF32D04E49A1A8EFE72467C64B&quot;&gt;&lt;div&gt;Describe how your health and safety policies and procedures &lt;/div&gt;&lt;/div&gt;",
    "AssignedTo": "",
    "AssignedToId": "",
    "Author": "Md Yaden,MFB,Fauzi,TAQ3 R",
    "AuthorId": "18"
  },
  {
    "ID": "1350",
    "RFPQuestion": "&lt;div class=&quot;ExternalClass7B0806C534CE451C8C4218D65107DF67&quot;&gt;&lt;div&gt;How do you ensure the personal security and protection of staff&lt;/div&gt;&lt;/div&gt;",
    "AssignedTo": "",
    "AssignedToId": "",
    "Author": "Md Yaden,MFB,Fauzi,TAQ3 R",
    "AuthorId": "18"
  },
  {
    "ID": "1351",
    "RFPQuestion": "&lt;div class=&quot;ExternalClassD5714031E31E40AE8EC4EB55FC45A165&quot;&gt;&lt;div&gt;What processes are in place for the reporting of suspicious activity or breaches and what escalation model is in place&lt;/div&gt;&lt;/div&gt;",
    "AssignedTo": "",
    "AssignedToId": "",
    "Author": "Md Yaden,MFB,Fauzi,TAQ3 R",
    "AuthorId": "18"
  },
  {
    "ID": "1352",
    "RFPQuestion": "&lt;div class=&quot;ExternalClassC5FECF5673094CDD9B71F3BD37DA3F23&quot;&gt;&lt;div&gt;How do you control and monitor access to premises, including visitor access?&lt;/div&gt;&lt;/div&gt;",
    "AssignedTo": "",
    "AssignedToId": "",
    "Author": "Md Yaden,MFB,Fauzi,TAQ3 R",
    "AuthorId": "18"
  },
  {
    "ID": "1353",
    "RFPQuestion": "&lt;div class=&quot;ExternalClassB24E79C464AF43759812BE8084E76DB4&quot;&gt;&lt;div&gt;How do you protect your assets (property, equipment) from risk of theft or damage from staff, customers and suppliers?&lt;br&gt;&lt;br&gt;How do you ensure all physical assets are effectively secured?&lt;/div&gt;&lt;/div&gt;",
    "AssignedTo": "",
    "AssignedToId": "",
    "Author": "Md Yaden,MFB,Fauzi,TAQ3 R",
    "AuthorId": "18"
  },
  {
    "ID": "1354",
    "RFPQuestion": "&lt;div class=&quot;ExternalClass6A77C3EE83404664BF9030B6331B16E0&quot;&gt;&lt;div&gt;Has your Organisation been prosecuted for a breach of Health and Safety regulations within the last ten years?&lt;/div&gt;&lt;/div&gt;",
    "AssignedTo": "",
    "AssignedToId": "",
    "Author": "Md Yaden,MFB,Fauzi,TAQ3 R",
    "AuthorId": "18"
  },
  {
    "ID": "1355",
    "RFPQuestion": "&lt;div class=&quot;ExternalClassF29B1ABE0DBB493A88E0A213DC38647B&quot;&gt;&lt;div&gt;Health and Safety customer response document&lt;/div&gt;&lt;/div&gt;",
    "AssignedTo": "",
    "AssignedToId": "",
    "Author": "Md Yaden,MFB,Fauzi,TAQ3 R",
    "AuthorId": "18"
  },
  {
    "ID": "1356",
    "RFPQuestion": "&lt;div class=&quot;ExternalClassB3CB93012DCF4623AC61C5C3B5A5037E&quot;&gt;&lt;div&gt;Please provide BT Group Policy on Health, Safety and Wellbeing&lt;/div&gt;&lt;/div&gt;",
    "AssignedTo": "",
    "AssignedToId": "",
    "Author": "Md Yaden,MFB,Fauzi,TAQ3 R",
    "AuthorId": "18"
  },
  {
    "ID": "1357",
    "RFPQuestion": "&lt;div class=&quot;ExternalClass1EC88E5A24164F04B25A66E7234C6060&quot;&gt;&lt;div&gt;Is BT Certified to OHSAS 18001? &lt;/div&gt;&lt;/div&gt;",
    "AssignedTo": "",
    "AssignedToId": "",
    "Author": "Md Yaden,MFB,Fauzi,TAQ3 R",
    "AuthorId": "18"
  },
  {
    "ID": "1358",
    "RFPQuestion": "&lt;div class=&quot;ExternalClass2A219011B90F4CAAB6617C63B5853235&quot;&gt;&lt;div&gt;Please provide your typical SLA’s for service restoration if part of a standard managed service package.Include in this response, the typical hours of support your company offers (i.e. 24*7).&lt;/div&gt;&lt;/div&gt;",
    "AssignedTo": "",
    "AssignedToId": "",
    "Author": "Md Yaden,MFB,Fauzi,TAQ3 R",
    "AuthorId": "18"
  },
  {
    "ID": "1359",
    "RFPQuestion": "&lt;div class=&quot;ExternalClass0B5FDAA36A9148DC8912648F73009013&quot;&gt;&lt;div&gt;Insurance Details&lt;/div&gt;&lt;/div&gt;",
    "AssignedTo": "",
    "AssignedToId": "",
    "Author": "Md Yaden,MFB,Fauzi,TAQ3 R",
    "AuthorId": "18"
  },
  {
    "ID": "1360",
    "RFPQuestion": "&lt;div class=&quot;ExternalClass2716B1E652114500BC897E0E0AC7B23C&quot;&gt;&lt;div&gt;Please provide details of your current insurance cover&lt;/div&gt;&lt;/div&gt;",
    "AssignedTo": "",
    "AssignedToId": "",
    "Author": "Md Yaden,MFB,Fauzi,TAQ3 R",
    "AuthorId": "18"
  },
  {
    "ID": "1361",
    "RFPQuestion": "&lt;div class=&quot;ExternalClass450944E5F7D24168B18508C685DE5263&quot;&gt;&lt;div&gt;Please provide details of your organisation’s Public Liability Insurance, including the policy number the extent of the cover and the expiry date.&lt;/div&gt;&lt;/div&gt;",
    "AssignedTo": "",
    "AssignedToId": "",
    "Author": "Md Yaden,MFB,Fauzi,TAQ3 R",
    "AuthorId": "18"
  },
  {
    "ID": "1362",
    "RFPQuestion": "&lt;div class=&quot;ExternalClass6A74D8899202463CA39F56C4258B0115&quot;&gt;&lt;div&gt;In the last 3 years has any court or tribunal found a case of unlawful discrimination against the supplier&lt;/div&gt;&lt;/div&gt;",
    "AssignedTo": "",
    "AssignedToId": "",
    "Author": "Md Yaden,MFB,Fauzi,TAQ3 R",
    "AuthorId": "18"
  },
  {
    "ID": "1363",
    "RFPQuestion": "&lt;div class=&quot;ExternalClass013CDC2D4D2A4C0EBDBA16C690FB64F8&quot;&gt;&lt;div&gt;I am looking for a description of a termination clause due business reasons. &lt;br&gt;&lt;br&gt;Has anyone used this in a proposal lately?&lt;/div&gt;&lt;/div&gt;",
    "AssignedTo": "",
    "AssignedToId": "",
    "Author": "Md Yaden,MFB,Fauzi,TAQ3 R",
    "AuthorId": "18"
  },
  {
    "ID": "1364",
    "RFPQuestion": "&lt;div class=&quot;ExternalClass0E49849B37714799BE408456B33CDEB1&quot;&gt;&lt;div&gt;Have there been any County Court Judgements in the last three (3) years against the supplier or any subsidiary or associated companies, or are there any pending? If YES please provide details&lt;/div&gt;&lt;/div&gt;",
    "AssignedTo": "",
    "AssignedToId": "",
    "Author": "Md Yaden,MFB,Fauzi,TAQ3 R",
    "AuthorId": "18"
  },
  {
    "ID": "1365",
    "RFPQuestion": "&lt;div class=&quot;ExternalClass8619B9F2BDE749678F2ACAD3B6C53CD7&quot;&gt;&lt;div&gt;Please give a brief description explaining the structure of your bid in terms of any third party involvement, intended use of sub-contractors or consortium arrangements. If applicable, provide a list of the organisations in your consortium and their role.&lt;/div&gt;&lt;/div&gt;",
    "AssignedTo": "",
    "AssignedToId": "",
    "Author": "Md Yaden,MFB,Fauzi,TAQ3 R",
    "AuthorId": "18"
  },
  {
    "ID": "1366",
    "RFPQuestion": "&lt;div class=&quot;ExternalClass70834629BD254D18A06F3A1E49DE08F8&quot;&gt;&lt;div&gt;Is your company currently involved in any legal proceedings (including arbitration) with any other organisations?&amp;#160; If yes, please provide details.&lt;/div&gt;&lt;/div&gt;",
    "AssignedTo": "",
    "AssignedToId": "",
    "Author": "Md Yaden,MFB,Fauzi,TAQ3 R",
    "AuthorId": "18"
  },
  {
    "ID": "1367",
    "RFPQuestion": "&lt;div class=&quot;ExternalClass752C0F3831164101B2FE9786A7AD2C08&quot;&gt;&lt;div&gt;Has your organisation, or any of your proposed partners, not had a contract renewed for failure to perform to the terms of a contract? If yes, please give details&lt;/div&gt;&lt;/div&gt;",
    "AssignedTo": "",
    "AssignedToId": "",
    "Author": "Md Yaden,MFB,Fauzi,TAQ3 R",
    "AuthorId": "18"
  },
  {
    "ID": "1368",
    "RFPQuestion": "&lt;div class=&quot;ExternalClass912CD034582E4A1EBC9AF374DE5E8216&quot;&gt;&lt;div&gt;Does your organisation have experience of successfully managing and implementing network transformational programmes for an organisation of similar size to XXXXX? Please provide examples&lt;/div&gt;&lt;/div&gt;",
    "AssignedTo": "",
    "AssignedToId": "",
    "Author": "Md Yaden,MFB,Fauzi,TAQ3 R",
    "AuthorId": "18"
  },
  {
    "ID": "1369",
    "RFPQuestion": "&lt;div class=&quot;ExternalClass7C350D43A30F4B67BD7AEB09FA843D3C&quot;&gt;&lt;div&gt;Describe how your organisation has implemented Quality of Service and Class of Service features for Clients IP traffic. Please provide a reference of how these features were deployed within the customer environment.&lt;/div&gt;&lt;/div&gt;",
    "AssignedTo": "",
    "AssignedToId": "",
    "Author": "Md Yaden,MFB,Fauzi,TAQ3 R",
    "AuthorId": "18"
  },
  {
    "ID": "1370",
    "RFPQuestion": "&lt;div class=&quot;ExternalClass6749C83E939540F4BFEB6DB2F53BED87&quot;&gt;&lt;div&gt;BT Major partnerships&lt;/div&gt;&lt;/div&gt;",
    "AssignedTo": "",
    "AssignedToId": "",
    "Author": "Md Yaden,MFB,Fauzi,TAQ3 R",
    "AuthorId": "18"
  },
  {
    "ID": "1371",
    "RFPQuestion": "&lt;div class=&quot;ExternalClassC890E2B1F9A845289569416FFA33E695&quot;&gt;&lt;div&gt;Programme and Project Management Method (PPM) &amp;amp; Contract Risk Management&lt;/div&gt;&lt;/div&gt;",
    "AssignedTo": "",
    "AssignedToId": "",
    "Author": "Md Yaden,MFB,Fauzi,TAQ3 R",
    "AuthorId": "18"
  },
  {
    "ID": "1372",
    "RFPQuestion": "&lt;div class=&quot;ExternalClass6C0F21A0C70C47CEA1E8DCF10C34A929&quot;&gt;&lt;div&gt;Please provide examples of previous transformation projects in which your company encountered problems/issues and what corrective actions/changes were implemented as a result of those problems/issues.&lt;/div&gt;&lt;/div&gt;",
    "AssignedTo": "",
    "AssignedToId": "",
    "Author": "Md Yaden,MFB,Fauzi,TAQ3 R",
    "AuthorId": "18"
  },
  {
    "ID": "1373",
    "RFPQuestion": "&lt;div class=&quot;ExternalClass35E4DADBE07D47F08445868A877E4A0B&quot;&gt;&lt;div&gt;Enclose brief details and supply evidence of experience and expertise in Project Management and or Programme Management. Include relevant qualifications of employees that would be working on the project. &lt;/div&gt;&lt;/div&gt;",
    "AssignedTo": "",
    "AssignedToId": "",
    "Author": "Md Yaden,MFB,Fauzi,TAQ3 R",
    "AuthorId": "18"
  },
  {
    "ID": "1374",
    "RFPQuestion": "&lt;div class=&quot;ExternalClass22DEBB9A07CB45EF89E282BFB7C3C2F3&quot;&gt;&lt;div&gt;What quality systems do you have in place and how are they monitored? Provide details&lt;/div&gt;&lt;/div&gt;",
    "AssignedTo": "",
    "AssignedToId": "",
    "Author": "Md Yaden,MFB,Fauzi,TAQ3 R",
    "AuthorId": "18"
  },
  {
    "ID": "1375",
    "RFPQuestion": "&lt;div class=&quot;ExternalClassE1BA66C91984482E9AAA826A757C0FC5&quot;&gt;&lt;div&gt;Please provide information on ISO Certificates&lt;/div&gt;&lt;/div&gt;",
    "AssignedTo": "",
    "AssignedToId": "",
    "Author": "Md Yaden,MFB,Fauzi,TAQ3 R",
    "AuthorId": "18"
  },
  {
    "ID": "1376",
    "RFPQuestion": "&lt;div class=&quot;ExternalClassA7E2B7F031A647E39C13A9D3AB797673&quot;&gt;&lt;div&gt;What is BT Quality Policy &lt;/div&gt;&lt;/div&gt;",
    "AssignedTo": "",
    "AssignedToId": "",
    "Author": "Md Yaden,MFB,Fauzi,TAQ3 R",
    "AuthorId": "18"
  },
  {
    "ID": "1377",
    "RFPQuestion": "&lt;div class=&quot;ExternalClass0161238CBFCC4AD4AA83AF70FC557FEB&quot;&gt;&lt;div&gt;BT Quality Objectives &lt;/div&gt;&lt;/div&gt;",
    "AssignedTo": "",
    "AssignedToId": "",
    "Author": "Md Yaden,MFB,Fauzi,TAQ3 R",
    "AuthorId": "18"
  },
  {
    "ID": "1378",
    "RFPQuestion": "&lt;div class=&quot;ExternalClass6ADC4258E339450390606E8E9D239915&quot;&gt;&lt;div&gt;To which Business Management or Quality Standards does BT Comply&lt;/div&gt;&lt;/div&gt;",
    "AssignedTo": "",
    "AssignedToId": "",
    "Author": "Md Yaden,MFB,Fauzi,TAQ3 R",
    "AuthorId": "18"
  },
  {
    "ID": "1379",
    "RFPQuestion": "&lt;div class=&quot;ExternalClass24B5AF876DB248B28A56D5A87DF63C78&quot;&gt;&lt;div&gt;Provide details of BT Quality certificates&lt;/div&gt;&lt;/div&gt;",
    "AssignedTo": "",
    "AssignedToId": "",
    "Author": "Md Yaden,MFB,Fauzi,TAQ3 R",
    "AuthorId": "18"
  },
  {
    "ID": "1380",
    "RFPQuestion": "&lt;div class=&quot;ExternalClass12A48AF02D4E4EC5B9382EEA38C96771&quot;&gt;&lt;div&gt;Security Certifications&lt;/div&gt;&lt;/div&gt;",
    "AssignedTo": "",
    "AssignedToId": "",
    "Author": "Md Yaden,MFB,Fauzi,TAQ3 R",
    "AuthorId": "18"
  },
  {
    "ID": "1381",
    "RFPQuestion": "&lt;div class=&quot;ExternalClass3DD9F036CE1B430BBE3BDB81D92ADC5F&quot;&gt;&lt;div&gt;What is BT Quality Policy &lt;/div&gt;&lt;/div&gt;",
    "AssignedTo": "",
    "AssignedToId": "",
    "Author": "Md Yaden,MFB,Fauzi,TAQ3 R",
    "AuthorId": "18"
  },
  {
    "ID": "1382",
    "RFPQuestion": "&lt;div class=&quot;ExternalClass0CBEF9EE57D640CBABB369AA6C096721&quot;&gt;&lt;div&gt;Is an ITIL Quality system in operation at your company?&lt;/div&gt;&lt;/div&gt;",
    "AssignedTo": "",
    "AssignedToId": "",
    "Author": "Md Yaden,MFB,Fauzi,TAQ3 R",
    "AuthorId": "18"
  },
  {
    "ID": "1383",
    "RFPQuestion": "&lt;div class=&quot;ExternalClass1E9623087AC24F138F74C231C1A0B133&quot;&gt;&lt;div&gt;Provide information relating to Quality Mnanagement Systems ( QMS) &lt;/div&gt;&lt;/div&gt;",
    "AssignedTo": "",
    "AssignedToId": "",
    "Author": "Md Yaden,MFB,Fauzi,TAQ3 R",
    "AuthorId": "18"
  },
  {
    "ID": "1384",
    "RFPQuestion": "&lt;div class=&quot;ExternalClass6A9725323F6C457BA989EC32442A4771&quot;&gt;&lt;div&gt;Is BT Certified to BS25999? (Being replaced by ISO22301) What provision has BT for Business Continuity? &lt;/div&gt;&lt;/div&gt;",
    "AssignedTo": "",
    "AssignedToId": "",
    "Author": "Md Yaden,MFB,Fauzi,TAQ3 R",
    "AuthorId": "18"
  },
  {
    "ID": "1385",
    "RFPQuestion": "&lt;div class=&quot;ExternalClass3AF86A2F145D4EC99745B4DE64A2B91D&quot;&gt;&lt;div&gt;What process do you follow to report confirmed or suspected fraud? Including insider / employee fraud.&lt;/div&gt;&lt;/div&gt;",
    "AssignedTo": "",
    "AssignedToId": "",
    "Author": "Md Yaden,MFB,Fauzi,TAQ3 R",
    "AuthorId": "18"
  },
  {
    "ID": "1386",
    "RFPQuestion": "&lt;div class=&quot;ExternalClass26176D2E72A848A1AC3F366BCEA769CE&quot;&gt;&lt;div&gt;What ITIL based processes do you currently operate to support the delivery of services to your customers? Please provide a list, and describe how you keep current with these procedures.&lt;/div&gt;&lt;/div&gt;",
    "AssignedTo": "",
    "AssignedToId": "",
    "Author": "Md Yaden,MFB,Fauzi,TAQ3 R",
    "AuthorId": "18"
  },
  {
    "ID": "1387",
    "RFPQuestion": "&lt;div class=&quot;ExternalClassFFFE8E2AC00F4A8EA27D5CA93186998B&quot;&gt;&lt;div&gt;How are customer services monitored and alerted and communicated to the customer? &lt;/div&gt;&lt;/div&gt;",
    "AssignedTo": "",
    "AssignedToId": "",
    "Author": "Md Yaden,MFB,Fauzi,TAQ3 R",
    "AuthorId": "18"
  },
  {
    "ID": "1388",
    "RFPQuestion": "&lt;div class=&quot;ExternalClassFB977DA5857C46E4831E5F473128DF7A&quot;&gt;&lt;div&gt;What methods are present to communicate and review service achievements against targets with the customer, what format does this take, and what reports are generated? &lt;/div&gt;&lt;/div&gt;",
    "AssignedTo": "",
    "AssignedToId": "",
    "Author": "Md Yaden,MFB,Fauzi,TAQ3 R",
    "AuthorId": "18"
  },
  {
    "ID": "1389",
    "RFPQuestion": "&lt;div class=&quot;ExternalClass51EE2E61BB8D4556B2BC46524A64813B&quot;&gt;&lt;div&gt;Describe your organisation’s key strengths, and explain how you ensure these strengths are utilised to maximum effect in the context of service delivery.&lt;/div&gt;&lt;/div&gt;",
    "AssignedTo": "",
    "AssignedToId": "",
    "Author": "Md Yaden,MFB,Fauzi,TAQ3 R",
    "AuthorId": "18"
  },
  {
    "ID": "1397",
    "RFPQuestion": "&lt;div class=&quot;ExternalClassC5B1A5A7807648E4A6320DA18C3E860F&quot;&gt;Test Question 1&lt;/div&gt;",
    "AssignedTo": "",
    "AssignedToId": "",
    "Author": "Md Yaden,MFB,Fauzi,TAQ3 R",
    "AuthorId": "18"
  },
  {
    "ID": "1398",
    "RFPQuestion": "&lt;div class=&quot;ExternalClassD792B90EA5C94FBD8A59884D8AA0C164&quot;&gt;Test Question 1&lt;/div&gt;",
    "AssignedTo": "",
    "AssignedToId": "",
    "Author": "Md Yaden,MFB,Fauzi,TAQ3 R",
    "AuthorId": "18"
  },
  {
    "ID": "1399",
    "RFPQuestion": "&lt;div class=&quot;ExternalClassA9D31262248347E09865B012B2120225&quot;&gt;Test Question 22&lt;/div&gt;",
    "AssignedTo": "",
    "AssignedToId": "",
    "Author": "Md Yaden,MFB,Fauzi,TAQ3 R",
    "AuthorId": "18"
  }
]