[
  {
    "ID": "62",
    "Title": "Test 1",
    "Summary": "Summary test 1",
    "Path": "www.google.com",
    "Created": "18/10/2016 11:39:32"
  },
  {
    "ID": "59",
    "Title": "test",
    "Summary": "test2",
    "Path": "test3",
    "Created": "13/10/2016 16:26:22"
  },
  {
    "ID": "55",
    "Title": "GS Proposal and Document Builder",
    "Summary": "",
    "Path": "https://dcg.bt.com/SANTTempDocuments/GS Proposal and Document Builder.docx",
    "Created": "26/05/2016 10:17:27"
  },
  {
    "ID": "54",
    "Title": "607569566",
    "Summary": "",
    "Path": "/SANTDocuments/607569566",
    "Created": "26/05/2016 09:57:47"
  },
  {
    "ID": "53",
    "Title": "Confidentiality Statement_43028_19.docx",
    "Summary": "",
    "Path": "/SANTLibrary/BT BUSINESS and PUBLIC SECTOR/Confidentiality Statement_43028_19.docx",
    "Created": "26/05/2016 09:35:02"
  },
  {
    "ID": "48",
    "Title": "Content_viewing_2016-04-08T094644",
    "Summary": "",
    "Path": "https://dcg.bt.com/SANTTempDocuments/Content_viewing_2016-04-08T094644.xlsx",
    "Created": "26/04/2016 08:24:49"
  },
  {
    "ID": "47",
    "Title": "Content_viewing_2016-04-08T094840",
    "Summary": "",
    "Path": "https://dcg.bt.com/SANTTempDocuments/Content_viewing_2016-04-08T094840.xlsx",
    "Created": "26/04/2016 08:24:48"
  },
  {
    "ID": "46",
    "Title": "Content_viewing_2016-04-08T093636",
    "Summary": "",
    "Path": "https://dcg.bt.com/SANTTempDocuments/Content_viewing_2016-04-08T093636.xlsx",
    "Created": "26/04/2016 08:24:44"
  },
  {
    "ID": "45",
    "Title": "Content_viewing_2016-04-08T093636",
    "Summary": "",
    "Path": "https://dcg.bt.com/SANTTempDocuments/Content_viewing_2016-04-08T093636.xlsx",
    "Created": "25/04/2016 04:12:01"
  },
  {
    "ID": "40",
    "Title": "New Section 1.docx",
    "Summary": "",
    "Path": "/SANTLibrary/New Section 1.docx",
    "Created": "13/04/2016 18:16:51"
  },
  {
    "ID": "39",
    "Title": "Content_viewing_2016-04-08T093636",
    "Summary": "",
    "Path": "https://dcg.bt.com/SANTTempDocuments/Content_viewing_2016-04-08T093636.xlsx",
    "Created": "13/04/2016 14:38:39"
  },
  {
    "ID": "34",
    "Title": "BT Advise_tagline",
    "Summary": "",
    "Path": "https://office1.bt.com/sites/BidVault/SiteAssets/Forms/DispForm.aspx?ID=24",
    "Created": "07/04/2016 08:47:11"
  },
  {
    "ID": "27",
    "Title": "Fauzi Test 1",
    "Summary": "&lt;div&gt;Test Favorrites&lt;/div&gt;",
    "Path": "http://santdev.bt.com/Lists/SANTFavorites/NewForm.aspx?Source=http%3A%2F%2Fsantdev%2Ebt%2Ecom%2FLists%2FSANTFavorites%2FAllItems%2Easpx&RootFolder=",
    "Created": "15/06/2015 08:43:16"
  }
]